XLC,^IXIC,^TNX,^VIX,date
70.4512939453125,13068.830078125,1.5199999809265137,22.559999465942383,2021-03-10
71.78346252441406,13398.669921875,1.5269999504089355,21.90999984741211,2021-03-11
71.58219909667969,13319.8603515625,1.6349999904632568,20.690000534057617,2021-03-12
72.09015655517578,13459.7099609375,1.6069999933242798,20.030000686645508,2021-03-15
72.84727478027344,13471.5703125,1.621000051498413,19.790000915527344,2021-03-16
72.85684204101562,13525.2001953125,1.6410000324249268,19.229999542236328,2021-03-17
71.64928436279297,13116.169921875,1.7300000190734863,21.579999923706055,2021-03-18
72.27224731445312,13215.240234375,1.7319999933242798,20.950000762939453,2021-03-19
72.87997436523438,13377.5400390625,1.684000015258789,18.8799991607666,2021-03-22
72.34231567382812,13227.7001953125,1.6380000114440918,20.299999237060547,2021-03-23
70.51815795898438,12961.8896484375,1.6139999628067017,21.200000762939453,2021-03-24
70.17254638671875,12977.6796875,1.6139999628067017,19.809999465942383,2021-03-25
69.40446472167969,13138.73046875,1.659999966621399,18.860000610351562,2021-03-26
70.11492156982422,13059.650390625,1.7209999561309814,20.739999771118164,2021-03-29
70.11492156982422,13045.3896484375,1.7259999513626099,19.610000610351562,2021-03-30
70.39337921142578,13246.8701171875,1.746000051498413,19.399999618530273,2021-03-31
71.60306549072266,13480.1103515625,1.6790000200271606,17.329999923706055,2021-04-01
73.11040496826172,13705.58984375,1.7200000286102295,17.90999984741211,2021-04-05
73.29280853271484,13698.3798828125,1.656000018119812,18.1200008392334,2021-04-06
73.8592529296875,13688.83984375,1.652999997138977,17.15999984741211,2021-04-07
73.86885833740234,13829.3095703125,1.6319999694824219,16.950000762939453,2021-04-08
73.84966278076172,13900.1904296875,1.6660000085830688,16.690000534057617,2021-04-09
73.55204010009766,13850.0,1.6749999523162842,16.90999984741211,2021-04-12
73.6480484008789,13996.099609375,1.6230000257492065,16.649999618530273,2021-04-13
72.88957214355469,13857.83984375,1.6380000114440918,16.989999771118164,2021-04-14
73.82084655761719,14038.759765625,1.5299999713897705,16.56999969482422,2021-04-15
73.77286529541016,14052.33984375,1.5729999542236328,16.25,2021-04-16
73.36001586914062,13914.76953125,1.6009999513626099,17.290000915527344,2021-04-19
72.96639251708984,13786.26953125,1.562000036239624,18.68000030517578,2021-04-20
73.09119415283203,13950.2197265625,1.5640000104904175,17.5,2021-04-21
72.55354309082031,13818.41015625,1.5540000200271606,18.709999084472656,2021-04-22
73.39842224121094,14016.8095703125,1.5670000314712524,17.329999923706055,2021-04-23
73.55204010009766,14138.7802734375,1.5700000524520874,17.639999389648438,2021-04-26
73.25440216064453,14090.2197265625,1.621999979019165,17.559999465942383,2021-04-27
73.92646026611328,14051.0302734375,1.6200000047683716,17.280000686645508,2021-04-28
75.97144317626953,14082.5498046875,1.6399999856948853,17.610000610351562,2021-04-29
74.93456268310547,13962.6796875,1.63100004196167,18.610000610351562,2021-04-30
74.54092407226562,13895.1201171875,1.6069999933242798,18.309999465942383,2021-05-03
73.86885833740234,13633.5,1.5920000076293945,19.479999542236328,2021-05-04
73.72486114501953,13582.419921875,1.5839999914169312,19.149999618530273,2021-05-05
74.58893585205078,13632.83984375,1.5609999895095825,18.389999389648438,2021-05-06
75.15536499023438,13752.240234375,1.5770000219345093,16.690000534057617,2021-05-07
73.71525573730469,13401.8603515625,1.6019999980926514,19.65999984741211,2021-05-10
73.5040283203125,13389.4296875,1.6239999532699585,21.84000015258789,2021-05-11
72.06390380859375,13031.6796875,1.6950000524520874,27.59000015258789,2021-05-12
72.58235931396484,13124.990234375,1.6679999828338623,23.1299991607666,2021-05-13
74.01286315917969,13429.98046875,1.6349999904632568,18.809999465942383,2021-05-14
73.42723083496094,13379.0498046875,1.6399999856948853,19.719999313354492,2021-05-17
72.67835998535156,13303.6396484375,1.6419999599456787,21.34000015258789,2021-05-18
72.79357147216797,13299.740234375,1.6829999685287476,22.18000030517578,2021-05-19
74.04167175292969,13535.740234375,1.6339999437332153,20.670000076293945,2021-05-20
73.79205322265625,13470.990234375,1.6319999694824219,20.149999618530273,2021-05-21
75.13618469238281,13661.169921875,1.6080000400543213,18.399999618530273,2021-05-24
75.11695861816406,13657.169921875,1.5640000104904175,18.84000015258789,2021-05-25
75.60661315917969,13738.0,1.5740000009536743,17.360000610351562,2021-05-26
75.89464569091797,13736.2802734375,1.6100000143051147,16.739999771118164,2021-05-27
75.64501190185547,13748.740234375,1.5809999704360962,16.760000228881836,2021-05-28
75.69300842285156,13736.48046875,1.6150000095367432,17.899999618530273,2021-06-01
75.46259307861328,13756.330078125,1.590999960899353,17.479999542236328,2021-06-02
74.95377349853516,13614.509765625,1.625,18.040000915527344,2021-06-03
76.02903747558594,13814.490234375,1.559999942779541,16.420000076293945,2021-06-04
76.42269134521484,13881.7197265625,1.569000005722046,16.420000076293945,2021-06-07
76.20186614990234,13924.91015625,1.527999997138977,17.06999969482422,2021-06-08
76.12505340576172,13911.75,1.4889999628067017,17.889999389648438,2021-06-09
76.53790283203125,14020.330078125,1.4589999914169312,16.100000381469727,2021-06-10
76.62430572509766,14069.419921875,1.4620000123977661,15.649999618530273,2021-06-11
77.13314056396484,14174.1396484375,1.5010000467300415,16.389999389648438,2021-06-14
76.69151306152344,14072.8603515625,1.4989999532699585,17.020000457763672,2021-06-15
76.01943969726562,14039.6796875,1.569000005722046,18.149999618530273,2021-06-16
76.33625793457031,14161.349609375,1.5110000371932983,17.75,2021-06-17
75.44341278076172,14030.3798828125,1.4500000476837158,20.700000762939453,2021-06-18
76.17533111572266,14141.48046875,1.4839999675750732,17.889999389648438,2021-06-21
76.82937622070312,14253.26953125,1.472000002861023,16.65999984741211,2021-06-22
76.75242614746094,14271.73046875,1.4869999885559082,16.31999969482422,2021-06-23
77.47378540039062,14369.7099609375,1.4869999885559082,15.970000267028809,2021-06-24
77.5699691772461,14360.3896484375,1.5360000133514404,15.619999885559082,2021-06-25
78.4451904296875,14500.509765625,1.4780000448226929,15.760000228881836,2021-06-28
78.02200317382812,14528.330078125,1.4800000190734863,16.020000457763672,2021-06-29
77.87775421142578,14503.9501953125,1.4429999589920044,15.829999923706055,2021-06-30
78.45484161376953,14522.3798828125,1.4800000190734863,15.479999542236328,2021-07-01
79.0030517578125,14639.330078125,1.430999994277954,15.069999694824219,2021-07-02
78.81068420410156,14663.6396484375,1.3700000047683716,16.440000534057617,2021-07-06
78.69526672363281,14665.0595703125,1.3209999799728394,16.200000762939453,2021-07-07
77.82965087890625,14559.7802734375,1.2879999876022339,19.0,2021-07-08
78.52214050292969,14701.919921875,1.3559999465942383,16.18000030517578,2021-07-09
79.07999420166016,14733.240234375,1.3630000352859497,16.170000076293945,2021-07-12
78.87802124023438,14677.650390625,1.4149999618530273,17.1200008392334,2021-07-13
78.8203125,14644.9501953125,1.3559999465942383,16.329999923706055,2021-07-14
78.26245880126953,14543.1298828125,1.2970000505447388,17.010000228881836,2021-07-15
77.77194213867188,14427.240234375,1.2999999523162842,18.450000762939453,2021-07-16
76.58892059326172,14274.98046875,1.180999994277954,22.5,2021-07-19
77.45454406738281,14498.8798828125,1.2089999914169312,19.729999542236328,2021-07-20
78.09896087646484,14631.9501953125,1.2799999713897705,17.90999984741211,2021-07-21
78.3682632446289,14684.599609375,1.2649999856948853,17.690000534057617,2021-07-22
80.3111343383789,14836.990234375,1.2860000133514404,17.200000762939453,2021-07-23
80.72470092773438,14840.7099609375,1.2760000228881836,17.579999923706055,2021-07-26
79.76287078857422,14660.580078125,1.2339999675750732,19.360000610351562,2021-07-27
80.38806915283203,14762.580078125,1.2610000371932983,18.309999465942383,2021-07-28
79.52243041992188,14778.259765625,1.2690000534057617,17.700000762939453,2021-07-29
79.25312805175781,14672.6796875,1.2389999628067017,18.239999771118164,2021-07-30
79.07038879394531,14681.0703125,1.1740000247955322,19.459999084472656,2021-08-02
78.71450805664062,14761.2900390625,1.1759999990463257,18.040000915527344,2021-08-03
78.93571472167969,14780.5302734375,1.184000015258789,17.969999313354492,2021-08-04
79.65708923339844,14895.1201171875,1.2170000076293945,17.280000686645508,2021-08-05
79.65708923339844,14835.759765625,1.2899999618530273,16.149999618530273,2021-08-06
79.5128173828125,14860.1796875,1.3170000314712524,16.719999313354492,2021-08-09
79.66671752929688,14788.08984375,1.3420000076293945,16.790000915527344,2021-08-10
79.82058715820312,14765.1396484375,1.3289999961853027,16.170000076293945,2021-08-11
79.9648666381836,14816.259765625,1.3669999837875366,15.59000015258789,2021-08-12
80.01296997070312,14822.900390625,1.2970000505447388,15.449999809265137,2021-08-13
80.1476058959961,14793.759765625,1.2569999694824219,16.1200008392334,2021-08-16
79.48397064208984,14656.1796875,1.2580000162124634,17.90999984741211,2021-08-17
78.87802124023438,14525.91015625,1.2730000019073486,21.56999969482422,2021-08-18
78.88763427734375,14541.7900390625,1.2419999837875366,21.670000076293945,2021-08-19
79.57052612304688,14714.66015625,1.2599999904632568,18.559999465942383,2021-08-20
80.53234100341797,14942.650390625,1.2549999952316284,17.149999618530273,2021-08-23
80.79202270507812,15019.7998046875,1.2899999618530273,17.219999313354492,2021-08-24
80.91705322265625,15041.8603515625,1.3420000076293945,16.790000915527344,2021-08-25
80.21495819091797,14945.8095703125,1.3420000076293945,18.84000015258789,2021-08-26
81.48452758789062,15129.5,1.312000036239624,16.389999389648438,2021-08-27
82.0423583984375,15265.8896484375,1.284999966621399,16.190000534057617,2021-08-30
82.35015106201172,15259.240234375,1.3040000200271606,16.479999542236328,2021-08-31
82.76374053955078,15309.3798828125,1.3020000457763672,16.110000610351562,2021-09-01
82.20587921142578,15331.1796875,1.2940000295639038,16.40999984741211,2021-09-02
82.20587921142578,15363.51953125,1.3220000267028809,16.40999984741211,2021-09-03
82.39823913574219,15374.330078125,1.3700000047683716,18.139999389648438,2021-09-07
81.97505950927734,15286.6396484375,1.3339999914169312,17.959999084472656,2021-09-08
81.57108306884766,15248.25,1.2990000247955322,18.799999237060547,2021-09-09
81.0420913696289,15115.490234375,1.340999960899353,20.950000762939453,2021-09-10
81.24407958984375,15105.580078125,1.3240000009536743,19.3700008392334,2021-09-13
80.54194641113281,15037.759765625,1.2769999504089355,19.459999084472656,2021-09-14
80.9363021850586,15161.5302734375,1.3040000200271606,18.18000030517578,2021-09-15
80.8593521118164,15181.919921875,1.3309999704360962,18.690000534057617,2021-09-16
79.9648666381836,15043.9697265625,1.3700000047683716,20.809999465942383,2021-09-17
78.35781860351562,14713.900390625,1.309000015258789,25.709999084472656,2021-09-20
78.03025817871094,14746.400390625,1.3240000009536743,24.360000610351562,2021-09-21
77.99169921875,14896.849609375,1.3359999656677246,20.8700008392334,2021-09-22
78.7913818359375,15052.240234375,1.409999966621399,18.6299991607666,2021-09-23
79.43688201904297,15047.7001953125,1.4600000381469727,17.75,2021-09-24
79.4272689819336,14969.9697265625,1.4839999675750732,18.760000228881836,2021-09-27
77.49072265625,14546.6796875,1.534000039100647,23.25,2021-09-28
77.42326354980469,14512.4404296875,1.5410000085830688,22.559999465942383,2021-09-29
77.18240356445312,14448.580078125,1.5290000438690186,23.139999389648438,2021-09-30
78.48307800292969,14566.7001953125,1.4789999723434448,21.100000381469727,2021-10-01
76.78738403320312,14255.48046875,1.4809999465942383,22.959999084472656,2021-10-04
77.93390655517578,14433.830078125,1.5290000438690186,21.299999237060547,2021-10-05
78.06878662109375,14501.91015625,1.5240000486373901,21.0,2021-10-06
78.4059829711914,14654.01953125,1.5709999799728394,19.540000915527344,2021-10-07
78.02061462402344,14579.5400390625,1.6050000190734863,18.770000457763672,2021-10-08
76.84521484375,14486.2001953125,1.6139999628067017,20.0,2021-10-11
76.13223266601562,14465.919921875,1.5800000429153442,19.850000381469727,2021-10-12
76.48872375488281,14571.6396484375,1.5490000247955322,18.639999389648438,2021-10-13
77.56777954101562,14823.4296875,1.5190000534057617,16.860000610351562,2021-10-14
77.38472747802734,14897.33984375,1.5759999752044678,16.299999237060547,2021-10-15
77.9820785522461,15021.8095703125,1.5839999914169312,16.309999465942383,2021-10-18
78.73357391357422,15129.08984375,1.6349999904632568,15.699999809265137,2021-10-19
78.8877182006836,15121.6796875,1.6360000371932983,15.489999771118164,2021-10-20
79.11895751953125,15215.7001953125,1.6759999990463257,15.010000228881836,2021-10-21
77.44253540039062,15090.2001953125,1.6549999713897705,15.430000305175781,2021-10-22
77.77973937988281,15226.7099609375,1.6349999904632568,15.239999771118164,2021-10-25
77.0860595703125,15235.7099609375,1.61899995803833,15.979999542236328,2021-10-26
76.87410736083984,15235.83984375,1.5290000438690186,16.979999542236328,2021-10-27
77.12459564208984,15448.1201171875,1.5679999589920044,16.530000686645508,2021-10-28
77.365478515625,15498.3896484375,1.5570000410079956,16.260000228881836,2021-10-29
77.49072265625,15595.919921875,1.5750000476837158,16.40999984741211,2021-11-01
77.50035095214844,15649.599609375,1.5490000247955322,16.030000686645508,2021-11-02
77.77973937988281,15811.580078125,1.5789999961853027,15.100000381469727,2021-11-03
78.08805084228516,15940.3095703125,1.5240000486373901,15.4399995803833,2021-11-04
78.71430206298828,15971.58984375,1.4529999494552612,16.479999542236328,2021-11-05
78.3674545288086,15982.3603515625,1.496999979019165,17.219999313354492,2021-11-08
78.17476654052734,15886.5400390625,1.4320000410079956,17.780000686645508,2021-11-09
77.28839874267578,15622.7099609375,1.559999942779541,18.729999542236328,2021-11-10
77.13423156738281,15704.2802734375,1.559999942779541,17.65999984741211,2021-11-11
78.261474609375,15860.9599609375,1.5820000171661377,16.290000915527344,2021-11-12
78.48307800292969,15853.849609375,1.6230000257492065,16.489999771118164,2021-11-15
77.89537048339844,15973.8603515625,1.6339999437332153,16.3700008392334,2021-11-16
77.5967025756836,15921.5703125,1.6039999723434448,17.110000610351562,2021-11-17
77.03787994384766,15993.7099609375,1.5889999866485596,17.59000015258789,2021-11-18
76.77775573730469,16057.4404296875,1.5360000133514404,17.90999984741211,2021-11-19
75.84319305419922,15854.759765625,1.625,19.170000076293945,2021-11-22
75.6408920288086,15775.1396484375,1.6670000553131104,19.3799991607666,2021-11-23
75.74687194824219,15845.23046875,1.6449999809265137,18.579999923706055,2021-11-24
74.35948181152344,15491.66015625,1.4819999933242798,28.6200008392334,2021-11-26
74.99536895751953,15782.830078125,1.5299999713897705,22.959999084472656,2021-11-29
72.61563110351562,15537.6904296875,1.4429999589920044,27.190000534057617,2021-11-30
70.93922424316406,15254.0498046875,1.434000015258789,31.1200008392334,2021-12-01
72.13390350341797,15381.3203125,1.4479999542236328,27.950000762939453,2021-12-02
71.97012329101562,15085.4697265625,1.343000054359436,30.670000076293945,2021-12-03
73.15515899658203,15225.150390625,1.434000015258789,27.18000030517578,2021-12-06
73.90666198730469,15686.919921875,1.4800000190734863,21.889999389648438,2021-12-07
74.4461669921875,15786.990234375,1.5089999437332153,19.899999618530273,2021-12-08
73.85848236083984,15517.3701171875,1.4869999885559082,21.579999923706055,2021-12-09
73.89701080322266,15630.599609375,1.4889999628067017,18.690000534057617,2021-12-10
73.51164245605469,15413.2802734375,1.4240000247955322,20.309999465942383,2021-12-13
73.3189468383789,15237.6396484375,1.437999963760376,21.889999389648438,2021-12-14
74.0897216796875,15565.580078125,1.4630000591278076,19.290000915527344,2021-12-15
73.98373413085938,15180.4296875,1.4220000505447388,20.56999969482422,2021-12-16
73.68505859375,15169.6796875,1.4019999504089355,21.56999969482422,2021-12-17
73.17048645019531,14980.9404296875,1.4190000295639038,22.8700008392334,2021-12-20
74.56072998046875,15341.08984375,1.4869999885559082,21.010000228881836,2021-12-21
74.74414825439453,15521.8896484375,1.4570000171661377,18.6299991607666,2021-12-22
75.41030883789062,15653.3701171875,1.4930000305175781,17.959999084472656,2021-12-23
76.14404296875,15871.259765625,1.4809999465942383,17.68000030517578,2021-12-27
76.10543060302734,15781.7197265625,1.4809999465942383,17.540000915527344,2021-12-28
75.7289047241211,15766.2197265625,1.5429999828338623,16.950000762939453,2021-12-29
76.04749298095703,15741.5595703125,1.5149999856948853,17.329999923706055,2021-12-30
74.99515533447266,15644.9697265625,1.5119999647140503,17.219999313354492,2021-12-31
75.51651000976562,15832.7998046875,1.628000020980835,16.600000381469727,2022-01-03
75.35237884521484,15622.7197265625,1.6679999828338623,16.90999984741211,2022-01-04
73.46012878417969,15100.169921875,1.7050000429153442,19.729999542236328,2022-01-05
73.7883529663086,15080.8603515625,1.7330000400543213,19.610000610351562,2022-01-06
73.79802703857422,14935.900390625,1.7710000276565552,18.760000228881836,2022-01-07
73.33460998535156,14942.830078125,1.7799999713897705,19.399999618530273,2022-01-10
74.25178527832031,15153.4501953125,1.746000051498413,18.40999984741211,2022-01-11
74.34832763671875,15188.3896484375,1.725000023841858,17.6200008392334,2022-01-12
73.57598114013672,14806.8095703125,1.7109999656677246,20.309999465942383,2022-01-13
73.91387939453125,14893.75,1.7719999551773071,19.190000534057617,2022-01-14
73.01602172851562,14506.900390625,1.8650000095367432,22.790000915527344,2022-01-18
72.8905029296875,14340.259765625,1.8270000219345093,23.850000381469727,2022-01-19
72.16643524169922,14154.01953125,1.8329999446868896,25.59000015258789,2022-01-20
69.72388458251953,13768.919921875,1.746999979019165,28.850000381469727,2022-01-21
70.23556518554688,13855.1298828125,1.7350000143051147,29.899999618530273,2022-01-24
68.79705810546875,13539.2900390625,1.7829999923706055,31.15999984741211,2022-01-25
67.79299926757812,13542.1201171875,1.8480000495910645,31.959999084472656,2022-01-26
67.87024688720703,13352.7802734375,1.8070000410079956,30.489999771118164,2022-01-27
69.81076049804688,13770.5703125,1.781999945640564,27.65999984741211,2022-01-28
71.39408111572266,14239.8798828125,1.781999945640564,24.829999923706055,2022-01-31
72.011962890625,14346.0,1.7999999523162842,21.959999084472656,2022-02-01
73.45047760009766,14417.5498046875,1.7660000324249268,22.09000015258789,2022-02-02
68.5363998413086,13878.8203125,1.8270000219345093,24.350000381469727,2022-02-03
68.71017456054688,14098.009765625,1.9299999475479126,23.219999313354492,2022-02-04
67.51302337646484,14015.669921875,1.9160000085830688,22.860000610351562,2022-02-07
67.48406982421875,14194.4501953125,1.9539999961853027,21.440000534057617,2022-02-08
69.385986328125,14490.3701171875,1.9290000200271606,19.959999084472656,2022-02-09
68.39157104492188,14185.6396484375,2.0309998989105225,23.90999984741211,2022-02-10
66.9144515991211,13791.150390625,1.9550000429153442,27.360000610351562,2022-02-11
66.92411804199219,13790.919921875,1.996000051498413,28.329999923706055,2022-02-14
67.860595703125,14139.759765625,2.0450000762939453,25.700000762939453,2022-02-15
67.38752746582031,14124.08984375,2.046999931335449,24.290000915527344,2022-02-16
65.59181213378906,13716.7197265625,1.972000002861023,28.110000610351562,2022-02-17
65.08013153076172,13548.0703125,1.9320000410079956,27.75,2022-02-18
64.41397857666016,13381.51953125,1.9479999542236328,28.809999465942383,2022-02-22
63.33267593383789,13037.490234375,1.9769999980926514,31.020000457763672,2022-02-23
65.10910034179688,13473.58984375,1.968999981880188,30.31999969482422,2022-02-24
66.16141510009766,13694.6201171875,1.9859999418258667,27.59000015258789,2022-02-25
66.08417510986328,13751.400390625,1.8389999866485596,30.149999618530273,2022-02-28
65.25389862060547,13532.4599609375,1.7070000171661377,33.31999969482422,2022-03-01
65.81385040283203,13752.01953125,1.8650000095367432,30.739999771118164,2022-03-02
65.12841033935547,13537.9404296875,1.843999981880188,30.479999542236328,2022-03-03
64.19192504882812,13313.4404296875,1.7239999771118164,31.979999542236328,2022-03-04
62.05830383300781,12830.9599609375,1.7510000467300415,36.45000076293945,2022-03-07
61.90383529663086,12795.5498046875,1.871999979019165,35.130001068115234,2022-03-08
63.75748062133789,13255.5498046875,1.9479999542236328,32.45000076293945,2022-03-09
63.284423828125,13129.9599609375,2.010999917984009,30.229999542236328,2022-03-10
62.14519119262695,12843.8095703125,2.003999948501587,30.75,2022-03-11
61.421119689941406,12581.2197265625,2.140000104904175,31.770000457763672,2022-03-14
62.59894943237305,12948.6201171875,2.1600000858306885,29.829999923706055,2022-03-15
64.32707977294922,13436.5498046875,2.187999963760376,26.670000076293945,2022-03-16
65.02217864990234,13614.7802734375,2.191999912261963,25.670000076293945,2022-03-17
65.87178039550781,13893.83984375,2.1480000019073486,23.8700008392334,2022-03-18
65.2552261352539,13838.4599609375,2.315000057220459,23.530000686645508,2022-03-21
66.47476959228516,14108.8203125,2.372999906539917,22.940000534057617,2022-03-22
65.56494140625,13922.599609375,2.321000099182129,23.56999969482422,2022-03-23
66.63931274414062,14191.83984375,2.3410000801086426,21.670000076293945,2022-03-24
66.95872497558594,14169.2998046875,2.492000102996826,20.809999465942383,2022-03-25
67.17166137695312,14354.900390625,2.4769999980926514,19.6299991607666,2022-03-28
68.34281158447266,14619.6396484375,2.4000000953674316,18.899999618530273,2022-03-29
67.8588638305664,14442.26953125,2.3580000400543213,19.329999923706055,2022-03-30
66.57157135009766,14220.51953125,2.3269999027252197,20.559999465942383,2022-03-31
67.06520080566406,14261.5,2.377000093460083,19.6299991607666,2022-04-01
68.91386413574219,14532.5498046875,2.4119999408721924,18.56999969482422,2022-04-04
68.03308868408203,14204.169921875,2.555999994277954,21.030000686645508,2022-04-05
66.76516723632812,13888.8203125,2.6089999675750732,22.100000381469727,2022-04-06
66.18441772460938,13897.2998046875,2.6519999504089355,21.549999237060547,2022-04-07
65.89403533935547,13711.0,2.7130000591278076,21.15999984741211,2022-04-08
65.04227447509766,13411.9599609375,2.7799999713897705,24.3700008392334,2022-04-11
64.50997161865234,13371.5703125,2.7249999046325684,24.260000228881836,2022-04-12
65.45849609375,13643.58984375,2.687000036239624,21.81999969482422,2022-04-13
64.34542846679688,13351.080078125,2.828000068664551,22.700000762939453,2022-04-14
64.1324691772461,13332.3603515625,2.861999988555908,22.170000076293945,2022-04-18
65.41008758544922,13619.66015625,2.9130001068115234,21.3700008392334,2022-04-19
62.57417297363281,13453.0703125,2.8399999141693115,20.31999969482422,2022-04-20
60.79325485229492,13174.650390625,2.9170000553131104,22.68000030517578,2022-04-21
59.35110092163086,12839.2900390625,2.9059998989105225,28.209999084472656,2022-04-22
60.164127349853516,13004.849609375,2.8259999752044678,27.020000457763672,2022-04-25
58.18962860107422,12490.740234375,2.7720000743865967,33.52000045776367,2022-04-26
56.89265060424805,12488.9296875,2.818000078201294,31.600000381469727,2022-04-27
59.167205810546875,12871.5302734375,2.86299991607666,29.989999771118164,2022-04-28
57.163658142089844,12334.6396484375,2.88700008392334,33.400001525878906,2022-04-29
58.74132537841797,12536.01953125,2.996000051498413,32.34000015258789,2022-05-02
58.896183013916016,12563.759765625,2.9600000381469727,29.25,2022-05-03
60.91907501220703,12964.8603515625,2.9170000553131104,25.420000076293945,2022-05-04
58.67356872558594,12317.6904296875,3.065999984741211,31.200000762939453,2022-05-05
57.463714599609375,12144.66015625,3.122999906539917,30.190000534057617,2022-05-06
55.9731559753418,11623.25,3.0789999961853027,34.75,2022-05-09
56.224815368652344,11737.669921875,2.993000030517578,32.9900016784668,2022-05-10
55.20853042602539,11364.240234375,2.9210000038146973,32.560001373291016,2022-05-11
55.808616638183594,11370.9599609375,2.816999912261963,31.770000457763672,2022-05-12
57.11526870727539,11805.0,2.934999942779541,28.8700008392334,2022-05-13
56.747474670410156,11662.7900390625,2.877000093460083,27.469999313354492,2022-05-16
57.98637008666992,11984.51953125,2.9679999351501465,26.100000381469727,2022-05-17
56.08930206298828,11418.150390625,2.885999917984009,30.959999084472656,2022-05-18
56.01187515258789,11388.5,2.8550000190734863,29.350000381469727,2022-05-19
56.15706253051758,11354.6201171875,2.7869999408721924,29.43000030517578,2022-05-20
56.99912643432617,11535.26953125,2.8589999675750732,28.479999542236328,2022-05-23
54.97623062133789,11264.4501953125,2.759999990463257,29.450000762939453,2022-05-24
55.71182632446289,11434.740234375,2.749000072479248,28.3700008392334,2022-05-25
57.0668830871582,11740.650390625,2.75600004196167,27.5,2022-05-26
58.286415100097656,12131.1298828125,2.743000030517578,25.719999313354492,2022-05-27
58.24769973754883,12081.3896484375,2.8440001010894775,26.190000534057617,2022-05-31
57.579856872558594,11994.4599609375,2.930999994277954,25.690000534057617,2022-06-01
58.983299255371094,12316.900390625,2.9130001068115234,24.719999313354492,2022-06-02
57.705684661865234,12012.73046875,2.9570000171661377,24.790000915527344,2022-06-03
57.99605178833008,12061.3701171875,3.0380001068115234,25.06999969482422,2022-06-06
58.41223907470703,12175.23046875,2.9719998836517334,24.020000457763672,2022-06-07
58.257381439208984,12086.26953125,3.0290000438690186,23.959999084472656,2022-06-08
56.46678924560547,11754.23046875,3.0439999103546143,26.09000015258789,2022-06-09
54.889122009277344,11340.01953125,3.1559998989105225,27.75,2022-06-10
52.295162200927734,10809.23046875,3.365999937057495,34.02000045776367,2022-06-13
52.14999008178711,10828.349609375,3.4830000400543213,32.689998626708984,2022-06-14
53.32114028930664,11099.150390625,3.3949999809265137,29.6200008392334,2022-06-15
51.37567901611328,10646.099609375,3.306999921798706,32.95000076293945,2022-06-16
52.11127471923828,10798.349609375,3.239000082015991,31.1299991607666,2022-06-17
52.47996520996094,11069.2998046875,3.306999921798706,30.190000534057617,2022-06-21
52.56727981567383,11053.080078125,3.1559998989105225,28.950000762939453,2022-06-22
53.21733093261719,11232.1904296875,3.068000078201294,29.049999237060547,2022-06-23
55.245121002197266,11607.6201171875,3.125,27.229999542236328,2022-06-24
54.72120666503906,11524.5498046875,3.194000005722046,26.950000762939453,2022-06-27
53.13001251220703,11181.5400390625,3.2060000896453857,28.360000610351562,2022-06-28
53.29495620727539,11177.8896484375,3.0929999351501465,28.15999984741211,2022-06-29
52.65461349487305,11028.740234375,2.9719998836517334,28.709999084472656,2022-06-30
53.188228607177734,11127.849609375,2.8889999389648438,26.700000762939453,2022-07-01
54.4204216003418,11322.240234375,2.809000015258789,27.540000915527344,2022-07-05
54.43013000488281,11361.849609375,2.9130001068115234,26.729999542236328,2022-07-06
55.283931732177734,11621.349609375,3.007999897003174,26.079999923706055,2022-07-07
55.02197265625,11635.3095703125,3.1010000705718994,24.639999389648438,2022-07-08
53.353172302246094,11372.599609375,2.990999937057495,26.170000076293945,2022-07-11
53.324066162109375,11264.73046875,2.9579999446868896,27.290000915527344,2022-07-12
53.081504821777344,11247.580078125,2.9040000438690186,26.81999969482422,2022-07-13
52.412044525146484,11251.1904296875,2.9600000381469727,26.399999618530273,2022-07-14
53.76067352294922,11452.419921875,2.930000066757202,24.229999542236328,2022-07-15
53.489013671875,11360.0498046875,2.9600000381469727,25.299999237060547,2022-07-18
55.390663146972656,11713.150390625,3.0190000534057617,24.5,2022-07-19
56.30268096923828,11897.650390625,3.0360000133514404,23.8799991607666,2022-07-20
56.27357482910156,12059.6103515625,2.9100000858306885,23.110000610351562,2022-07-21
54.32340621948242,11834.1103515625,2.7829999923706055,23.030000686645508,2022-07-22
54.13905334472656,11782.669921875,2.819999933242798,23.360000610351562,2022-07-25
53.052398681640625,11562.5703125,2.7869999408721924,24.690000534057617,2022-07-26
55.293643951416016,12032.419921875,2.7339999675750732,23.239999771118164,2022-07-27
54.662986755371094,12162.58984375,2.680999994277954,22.329999923706055,2022-07-28
54.69209289550781,12390.6904296875,2.6419999599456787,21.329999923706055,2022-07-29
54.614471435546875,12368.98046875,2.6059999465942383,22.84000015258789,2022-08-01
54.52715301513672,12348.759765625,2.740999937057495,23.93000030517578,2022-08-02
55.83696746826172,12668.16015625,2.747999906539917,21.950000762939453,2022-08-03
56.079532623291016,12720.580078125,2.6760001182556152,21.440000534057617,2022-08-04
55.390663146972656,12657.5498046875,2.8399999141693115,21.149999618530273,2022-08-05
55.710845947265625,12644.4599609375,2.765000104904175,21.290000915527344,2022-08-08
55.167510986328125,12493.9296875,2.796999931335449,21.770000457763672,2022-08-09
56.719879150390625,12854.7998046875,2.7860000133514404,19.739999771118164,2022-08-10
56.778099060058594,12779.91015625,2.888000011444092,20.200000762939453,2022-08-11
57.787139892578125,13047.1904296875,2.8489999771118164,19.530000686645508,2022-08-12
57.99088668823242,13128.0498046875,2.7909998893737793,19.950000762939453,2022-08-15
58.10731506347656,13102.5498046875,2.8239998817443848,19.690000534057617,2022-08-16
56.981849670410156,12938.1201171875,2.8929998874664307,19.899999618530273,2022-08-17
56.894527435302734,12965.33984375,2.880000114440918,19.559999465942383,2022-08-18
55.97280502319336,12705.2197265625,2.989000082015991,20.600000381469727,2022-08-19
54.371910095214844,12381.5703125,3.0369999408721924,23.799999237060547,2022-08-22
53.90620040893555,12381.2998046875,3.053999900817871,24.110000610351562,2022-08-23
54.226375579833984,12431.5302734375,3.1059999465942383,22.81999969482422,2022-08-24
55.283931732177734,12639.26953125,3.0260000228881836,21.780000686645508,2022-08-25
53.51811218261719,12141.7099609375,3.0350000858306885,25.559999465942383,2022-08-26
53.10091018676758,12017.669921875,3.109999895095825,26.209999084472656,2022-08-29
52.63520050048828,11883.1396484375,3.109999895095825,26.209999084472656,2022-08-30
52.76133728027344,11816.2001953125,3.132999897003174,25.8700008392334,2022-08-31
53.2464485168457,11785.1298828125,3.265000104904175,25.559999465942383,2022-09-01
52.23740768432617,11630.8603515625,3.193000078201294,25.469999313354492,2022-09-02
51.587345123291016,11544.91015625,3.3399999141693115,26.90999984741211,2022-09-06
52.62550354003906,11791.900390625,3.265000104904175,24.639999389648438,2022-09-07
52.499366760253906,11862.1298828125,3.2920000553131104,23.610000610351562,2022-09-08
53.964420318603516,12112.3095703125,3.321000099182129,22.790000915527344,2022-09-09
54.245784759521484,12266.41015625,3.361999988555908,23.8700008392334,2022-09-12
51.26716613769531,11633.5703125,3.421999931335449,27.270000457763672,2022-09-13
51.354488372802734,11719.6796875,3.4119999408721924,26.15999984741211,2022-09-14
51.13134002685547,11552.3603515625,3.4590001106262207,26.270000457763672,2022-09-15
50.5880012512207,11448.400390625,3.447999954223633,26.299999237060547,2022-09-16
50.879695892333984,11535.01953125,3.490000009536743,25.760000228881836,2022-09-19
50.092140197753906,11425.0498046875,3.571000099182129,27.15999984741211,2022-09-20
48.8670539855957,11220.1904296875,3.509999990463257,27.989999771118164,2022-09-21
48.69205093383789,11066.8095703125,3.7079999446868896,27.350000381469727,2022-09-22
47.74893569946289,10867.9296875,3.697000026702881,29.920000076293945,2022-09-23
46.97110366821289,10802.919921875,3.878000020980835,32.2599983215332,2022-09-26
46.71830368041992,10829.5,3.9639999866485596,32.599998474121094,2022-09-27
48.3128547668457,11051.6396484375,3.7049999237060547,30.18000030517578,2022-09-28
47.136390686035156,10737.509765625,3.746999979019165,31.84000015258789,2022-09-29
46.562740325927734,10575.6201171875,3.803999900817871,31.6200008392334,2022-09-30
47.8656005859375,10815.4296875,3.6510000228881836,30.100000381469727,2022-10-03
49.333763122558594,11176.41015625,3.617000102996826,29.06999969482422,2022-10-04
48.95456314086914,11148.6396484375,3.759000062942505,28.549999237060547,2022-10-05
48.69205093383789,11073.3095703125,3.8259999752044678,30.520000457763672,2022-10-06
47.37946319580078,10652.400390625,3.882999897003174,31.360000610351562,2022-10-07
47.2530632019043,10542.099609375,3.888000011444092,32.45000076293945,2022-10-10
46.3682861328125,10426.1904296875,3.938999891281128,33.630001068115234,2022-10-11
46.3099479675293,10417.099609375,3.9019999504089355,33.56999969482422,2022-10-12
47.428077697753906,10649.150390625,3.9519999027252197,31.940000534057617,2022-10-13
46.650245666503906,10321.3896484375,4.010000228881836,32.02000045776367,2022-10-14
47.93366241455078,10675.7998046875,4.014999866485596,31.3700008392334,2022-10-17
48.293418884277344,10772.400390625,3.997999906539917,30.5,2022-10-18
48.33230209350586,10680.509765625,4.126999855041504,30.760000228881836,2022-10-19
48.44898223876953,10614.83984375,4.22599983215332,29.979999542236328,2022-10-20
48.760108947753906,10859.7197265625,4.2129998207092285,29.690000534057617,2022-10-21
49.10041046142578,10952.6103515625,4.234000205993652,29.850000381469727,2022-10-24
50.40327453613281,11199.1201171875,4.107999801635742,28.459999084472656,2022-10-25
48.80873107910156,10970.990234375,4.014999866485596,27.280000686645508,2022-10-26
46.49468231201172,10792.669921875,3.937000036239624,27.389999389648438,2022-10-27
47.671146392822266,11102.4501953125,4.010000228881836,25.75,2022-10-28
46.87387466430664,10988.150390625,4.077000141143799,25.8799991607666,2022-10-31
46.57246780395508,10890.849609375,4.052000045776367,25.809999465942383,2022-11-01
45.2598762512207,10524.7998046875,4.059000015258789,25.860000610351562,2022-11-02
44.15148162841797,10342.9404296875,4.124000072479248,25.299999237060547,2022-11-03
44.452880859375,10475.25,4.156000137329102,24.549999237060547,2022-11-04
45.250160217285156,10564.51953125,4.214000225067139,24.350000381469727,2022-11-07
45.298770904541016,10616.2001953125,4.125999927520752,25.540000915527344,2022-11-08
44.686241149902344,10353.169921875,4.151000022888184,26.09000015258789,2022-11-09
47.38918685913086,11114.150390625,3.8289999961853027,23.530000686645508,2022-11-10
48.63371276855469,11323.330078125,3.812999963760376,22.520000457763672,2022-11-11
48.43925094604492,11196.2197265625,3.865000009536743,23.729999542236328,2022-11-14
49.15874481201172,11358.41015625,3.7990000247955322,24.540000915527344,2022-11-15
48.67259979248047,11183.66015625,3.691999912261963,24.110000610351562,2022-11-16
48.303131103515625,11144.9599609375,3.7750000953674316,23.93000030517578,2022-11-17
48.157283782958984,11146.0595703125,3.818000078201294,23.1200008392334,2022-11-18
47.75864791870117,11024.509765625,3.825000047683716,22.360000610351562,2022-11-21
48.468414306640625,11174.41015625,3.757999897003174,21.290000915527344,2022-11-22
49.08095932006836,11285.3203125,3.7060000896453857,20.350000381469727,2022-11-23
48.80873107910156,11226.3603515625,3.690999984741211,20.5,2022-11-25
48.03089904785156,11049.5,3.703000068664551,22.209999084472656,2022-11-28
48.05033874511719,10983.7802734375,3.747999906539917,21.889999389648438,2022-11-29
50.08241653442383,11468.0,3.703000068664551,20.579999923706055,2022-11-30
50.374107360839844,11482.4501953125,3.5290000438690186,19.84000015258789,2022-12-01
50.5004997253418,11461.5,3.50600004196167,19.059999465942383,2022-12-02
49.70322799682617,11239.9404296875,3.5989999771118164,20.75,2022-12-05
48.27397155761719,11014.8896484375,3.513000011444092,22.170000076293945,2022-12-06
48.03089904785156,10958.5498046875,3.4079999923706055,22.68000030517578,2022-12-07
47.93366241455078,11082.0,3.490999937057495,22.290000915527344,2022-12-08
48.069786071777344,11004.6201171875,3.566999912261963,22.829999923706055,2022-12-09
48.44898223876953,11143.740234375,3.6110000610351562,25.0,2022-12-12
49.265689849853516,11256.8095703125,3.500999927520752,22.549999237060547,2022-12-13
48.62397766113281,11170.8896484375,3.503000020980835,21.139999389648438,2022-12-14
46.728031158447266,10810.5302734375,3.450000047683716,22.829999923706055,2022-12-15
46.71830368041992,10705.41015625,3.4820001125335693,22.6200008392334,2022-12-16
45.62472152709961,10546.0302734375,3.5810000896453857,22.420000076293945,2022-12-19
45.93661880493164,10547.1103515625,3.684000015258789,21.479999542236328,2022-12-20
46.540924072265625,10709.3701171875,3.684000015258789,20.06999969482422,2022-12-21
46.14129638671875,10476.1201171875,3.6689999103546143,21.969999313354492,2022-12-22
46.589656829833984,10497.8603515625,3.750999927520752,20.8700008392334,2022-12-23
46.170536041259766,10353.23046875,3.859999895095825,21.649999618530273,2022-12-27
45.498016357421875,10213.2900390625,3.88700008392334,22.139999389648438,2022-12-28
46.75535202026367,10478.08984375,3.8350000381469727,21.440000534057617,2022-12-29
46.774845123291016,10466.48046875,3.878999948501587,21.670000076293945,2022-12-30
47.3791389465332,10386.98046875,3.7929999828338623,22.899999618530273,2023-01-03
48.26609420776367,10458.759765625,3.7090001106262207,22.010000228881836,2023-01-04
48.334327697753906,10305.240234375,3.7200000286102295,22.459999084472656,2023-01-05
49.12381362915039,10569.2900390625,3.569000005722046,21.1299991607666,2023-01-06
49.20178985595703,10635.650390625,3.5169999599456787,21.969999313354492,2023-01-09
49.94254684448242,10742.6298828125,3.621000051498413,20.579999923706055,2023-01-10
50.30317306518555,10931.669921875,3.553999900817871,21.09000015258789,2023-01-11
50.85874557495117,11001.099609375,3.4489998817443848,18.829999923706055,2023-01-12
51.024444580078125,11079.16015625,3.510999917984009,18.350000381469727,2023-01-13
50.54684829711914,11095.1103515625,3.5350000858306885,19.360000610351562,2023-01-17
49.93280792236328,10957.009765625,3.375,20.34000015258789,2023-01-18
50.18621826171875,10852.26953125,3.3970000743865967,20.520000457763672,2023-01-19
51.75544738769531,11140.4296875,3.4839999675750732,19.850000381469727,2023-01-20
52.66190719604492,11364.41015625,3.5250000953674316,19.809999465942383,2023-01-23
52.51569747924805,11334.26953125,3.4690001010894775,19.200000762939453,2023-01-24
52.70089340209961,11313.3603515625,3.4619998931884766,19.079999923706055,2023-01-25
53.519615173339844,11512.41015625,3.493000030517578,18.729999542236328,2023-01-26
53.88999557495117,11621.7099609375,3.5179998874664307,18.510000228881836,2023-01-27
53.042030334472656,11393.8095703125,3.5510001182556152,19.940000534057617,2023-01-30
53.6853141784668,11584.5498046875,3.5290000438690186,19.399999618530273,2023-01-31
54.318851470947266,11816.3203125,3.3970000743865967,17.8700008392334,2023-02-01
57.88617706298828,12200.8203125,3.3959999084472656,18.729999542236328,2023-02-02
56.7263069152832,12006.9501953125,3.5320000648498535,18.329999923706055,2023-02-03
56.04404067993164,11887.4501953125,3.634000062942505,19.43000030517578,2023-02-06
57.08694076538086,12113.7900390625,3.6740000247955322,18.65999984741211,2023-02-07
55.29353713989258,11910.51953125,3.6530001163482666,19.6299991607666,2023-02-08
54.08493423461914,11789.580078125,3.683000087738037,20.709999084472656,2023-02-09
53.5683479309082,11718.1201171875,3.74399995803833,20.530000686645508,2023-02-10
54.32859802246094,11891.7900390625,3.7170000076293945,20.34000015258789,2023-02-13
54.34809875488281,11960.150390625,3.760999917984009,18.90999984741211,2023-02-14
54.845184326171875,12070.58984375,3.809000015258789,18.229999542236328,2023-02-15
54.0069580078125,11855.830078125,3.8429999351501465,20.170000076293945,2023-02-16
53.948486328125,11787.26953125,3.828000068664551,20.020000457763672,2023-02-17
52.75936508178711,11492.2998046875,3.9549999237060547,22.8700008392334,2023-02-21
52.86658477783203,11507.0703125,3.9230000972747803,22.290000915527344,2023-02-22
52.62291717529297,11590.400390625,3.878999948501587,21.139999389648438,2023-02-23
51.891902923583984,11394.9404296875,3.9489998817443848,21.670000076293945,2023-02-24
52.057594299316406,11466.98046875,3.921999931335449,20.950000762939453,2023-02-27
52.145320892333984,11455.5400390625,3.9159998893737793,20.700000762939453,2023-02-28
51.74570083618164,11379.48046875,3.99399995803833,20.579999923706055,2023-03-01
52.2330436706543,11462.98046875,4.072999954223633,19.59000015258789,2023-03-02
53.3734130859375,11689.009765625,3.9639999866485596,18.489999771118164,2023-03-03
53.3734130859375,11675.740234375,3.9830000400543213,18.610000610351562,2023-03-06
52.82759475708008,11530.330078125,3.9749999046325684,19.59000015258789,2023-03-07
52.85683822631836,11576.0,3.9760000705718994,19.110000610351562,2023-03-08
51.667724609375,11338.349609375,3.924999952316284,22.610000610351562,2023-03-09
50.93671798706055,11138.8896484375,3.694999933242798,24.799999237060547,2023-03-10
50.93671798706055,11188.83984375,3.515000104904175,26.520000457763672,2023-03-13
52.379241943359375,11428.150390625,3.638000011444092,23.729999542236328,2023-03-14
52.94455337524414,11434.0498046875,3.492000102996826,26.139999389648438,2023-03-15
54.133670806884766,11717.2802734375,3.5850000381469727,22.989999771118164,2023-03-16
53.61708450317383,11630.509765625,3.3949999809265137,25.510000228881836,2023-03-17
54.01780319213867,11675.5400390625,3.4809999465942383,24.149999618530273,2023-03-20
55.17106628417969,11860.1103515625,3.6059999465942383,21.3799991607666,2023-03-21
54.2034912109375,11669.9599609375,3.5,22.260000228881836,2023-03-22
55.083106994628906,11787.400390625,3.4059998989105225,22.610000610351562,2023-03-23
55.36652374267578,11823.9599609375,3.380000114440918,21.739999771118164,2023-03-24
55.05378341674805,11768.83984375,3.5280001163482666,20.600000381469727,2023-03-27
54.60420227050781,11716.080078125,3.563999891281128,19.969999313354492,2023-03-28
55.32744216918945,11926.240234375,3.565999984741211,19.1200008392334,2023-03-29
55.59132385253906,12013.4697265625,3.5510001182556152,19.020000457763672,2023-03-30
56.6566276550293,12221.91015625,3.49399995803833,18.700000762939453,2023-03-31
56.89118576049805,12189.4501953125,3.430000066757202,18.549999237060547,2023-04-03
57.06711196899414,12126.330078125,3.3369998931884766,19.0,2023-04-04
56.88140869140625,11996.8603515625,3.2869999408721924,19.079999923706055,2023-04-05
57.59488296508789,12087.9599609375,3.2880001068115234,18.399999618530273,2023-04-06
57.46782302856445,12084.3603515625,3.4149999618530273,18.969999313354492,2023-04-10
57.32121658325195,12031.8798828125,3.434000015258789,19.100000381469727,2023-04-11
56.72504425048828,11929.33984375,3.4210000038146973,19.09000015258789,2023-04-12
57.907630920410156,12166.26953125,3.4519999027252197,17.799999237060547,2023-04-13
57.88808059692383,12123.4697265625,3.5220000743865967,17.06999969482422,2023-04-14
57.555782318115234,12157.7197265625,3.5910000801086426,16.950000762939453,2023-04-17
57.262577056884766,12153.41015625,3.572000026702881,16.829999923706055,2023-04-18
56.83254623413086,12157.23046875,3.6019999980926514,16.459999084472656,2023-04-19
56.24614334106445,12059.5595703125,3.5450000762939453,17.170000076293945,2023-04-20
56.382972717285156,12072.4599609375,3.569999933242798,16.770000457763672,2023-04-21
56.3243293762207,12037.2001953125,3.515000104904175,16.889999389648438,2023-04-24
55.44472122192383,11799.16015625,3.3959999084472656,18.760000228881836,2023-04-25
54.85831832885742,11854.349609375,3.431999921798706,18.84000015258789,2023-04-26
58.04445266723633,12142.240234375,3.5280001163482666,17.030000686645508,2023-04-27
58.54290771484375,12226.580078125,3.4519999027252197,15.779999732971191,2023-04-28
58.53313064575195,12212.599609375,3.5739998817443848,16.079999923706055,2023-05-01
57.448272705078125,12080.509765625,3.438999891281128,17.780000686645508,2023-05-02
57.223480224609375,12025.330078125,3.4030001163482666,18.34000015258789,2023-05-03
56.304786682128906,11966.400390625,3.3510000705718994,20.09000015258789,2023-05-04
57.008480072021484,12235.41015625,3.446000099182129,17.190000534057617,2023-05-05
57.58510208129883,12256.919921875,3.5209999084472656,16.979999542236328,2023-05-08
57.223480224609375,12179.5498046875,3.5209999084472656,17.709999084472656,2023-05-09
57.73170471191406,12306.4404296875,3.438999891281128,16.940000534057617,2023-05-10
58.30834197998047,12328.509765625,3.3970000743865967,16.93000030517578,2023-05-11
58.35720443725586,12284.740234375,3.4630000591278076,17.030000686645508,2023-05-12
58.630859375,12365.2099609375,3.507999897003174,17.1200008392334,2023-05-15
58.56244659423828,12343.0498046875,3.5490000247955322,17.989999771118164,2023-05-16
59.275909423828125,12500.5703125,3.5810000896453857,16.8700008392334,2023-05-17
60.341217041015625,12688.83984375,3.6480000019073486,16.049999237060547,2023-05-18
60.01869201660156,12657.900390625,3.691999912261963,16.809999465942383,2023-05-19
60.566001892089844,12720.7802734375,3.7190001010894775,17.209999084472656,2023-05-22
59.81344985961914,12560.25,3.697999954223633,18.530000686645508,2023-05-23
59.5397834777832,12484.16015625,3.7190001010894775,20.030000686645508,2023-05-24
59.5397834777832,12698.08984375,3.813999891281128,19.139999389648438,2023-05-25
60.75170135498047,12975.6904296875,3.809999942779541,17.950000762939453,2023-05-26
60.84942626953125,13017.4296875,3.700000047683716,17.459999084472656,2023-05-30
60.82988739013672,12935.2900390625,3.63700008392334,17.940000534057617,2023-05-31
61.65085220336914,13100.98046875,3.6080000400543213,15.649999618530273,2023-06-01
61.72903823852539,13240.76953125,3.690999984741211,14.600000381469727,2023-06-02
61.885414123535156,13229.4296875,3.693000078201294,14.729999542236328,2023-06-05
62.139530181884766,13276.419921875,3.6989998817443848,13.960000038146973,2023-06-06
61.44560623168945,13104.900390625,3.7839999198913574,13.9399995803833,2023-06-07
61.75836181640625,13238.51953125,3.7139999866485596,13.649999618530273,2023-06-08
61.77790451049805,13259.1396484375,3.744999885559082,13.829999923706055,2023-06-09
62.51091766357422,13461.919921875,3.765000104904175,15.010000228881836,2023-06-12
62.71615982055664,13573.3203125,3.8389999866485596,14.609999656677246,2023-06-13
62.82365798950195,13626.48046875,3.7960000038146973,13.880000114440918,2023-06-14
63.82056427001953,13782.8203125,3.7279999256134033,14.5,2023-06-15
63.29280090332031,13689.5703125,3.7690000534057617,13.539999961853027,2023-06-16
62.98442459106445,13667.2900390625,3.7290000915527344,13.880000114440918,2023-06-20
62.35791015625,13502.2001953125,3.7230000495910645,13.199999809265137,2023-06-21
62.847373962402344,13630.6103515625,3.7990000247955322,12.90999984741211,2023-06-22
62.7103271484375,13492.51953125,3.739000082015991,13.4399995803833,2023-06-23
62.08380889892578,13335.7802734375,3.7190001010894775,14.25,2023-06-26
63.13127136230469,13555.669921875,3.7679998874664307,13.739999771118164,2023-06-27
63.4151611328125,13591.75,3.7100000381469727,13.430000305175781,2023-06-28
63.07252883911133,13591.330078125,3.8540000915527344,13.539999961853027,2023-06-29
63.70883560180664,13787.919921875,3.819000005722046,13.59000015258789,2023-06-30
63.92421340942383,13816.76953125,3.8580000400543213,13.569999694824219,2023-07-03
64.4136734008789,13791.650390625,3.944999933242798,14.180000305175781,2023-07-05
63.904624938964844,13679.0400390625,4.040999889373779,15.4399995803833,2023-07-06
63.679466247558594,13660.7197265625,4.050000190734863,14.829999923706055,2023-07-07
63.5130500793457,13685.48046875,4.00600004196167,15.069999694824219,2023-07-10
64.61924743652344,13760.7001953125,3.9800000190734863,14.84000015258789,2023-07-11
65.40237426757812,13918.9599609375,3.8610000610351562,13.539999961853027,2023-07-12
66.36174774169922,14138.5703125,3.760999917984009,13.609999656677246,2023-07-13
65.7352294921875,14113.7001953125,3.819000005722046,13.34000015258789,2023-07-14
65.50028228759766,14244.9501953125,3.796999931335449,13.479999542236328,2023-07-17
65.9505844116211,14353.6396484375,3.7890000343322754,13.300000190734863,2023-07-18
66.13658142089844,14358.01953125,3.742000102996826,13.760000228881836,2023-07-19
64.82481384277344,14063.3095703125,3.8540000915527344,13.989999771118164,2023-07-20
64.17872619628906,14032.8095703125,3.8369998931884766,13.600000381469727,2023-07-21
64.29620361328125,14058.8701171875,3.8570001125335693,13.90999984741211,2023-07-24
64.50177001953125,14144.5595703125,3.9119999408721924,13.859999656677246,2023-07-25
65.51006317138672,14127.2802734375,3.8510000705718994,13.1899995803833,2023-07-26
66.05826568603516,14050.1103515625,4.01200008392334,14.40999984741211,2023-07-27
67.36024475097656,14316.66015625,3.9690001010894775,13.329999923706055,2023-07-28
67.3406753540039,14346.01953125,3.9590001106262207,13.630000114440918,2023-07-31
67.25255584716797,14283.91015625,4.051000118255615,13.930000305175781,2023-08-01
65.98975372314453,13973.4501953125,4.078000068664551,16.09000015258789,2023-08-02
65.82332611083984,13959.7197265625,4.189000129699707,15.920000076293945,2023-08-03
65.67647552490234,13909.240234375,4.059999942779541,17.100000381469727,2023-08-04
66.69457244873047,13994.400390625,4.078000068664551,15.770000457763672,2023-08-07
66.50858306884766,13884.3203125,4.026000022888184,15.989999771118164,2023-08-08
65.79396057128906,13722.01953125,4.01200008392334,15.960000038146973,2023-08-09
66.01911163330078,13737.990234375,4.079999923706055,15.850000381469727,2023-08-10
65.70585632324219,13644.849609375,4.168000221252441,14.84000015258789,2023-08-11
66.18553161621094,13788.330078125,4.184000015258789,14.819999694824219,2023-08-14
65.59817504882812,13631.0498046875,4.2210001945495605,16.459999084472656,2023-08-15
64.81502532958984,13474.6298828125,4.257999897003174,16.780000686645508,2023-08-16
64.07103729248047,13316.9296875,4.308000087738037,17.889999389648438,2023-08-17
63.68925476074219,13290.7802734375,4.250999927520752,17.299999237060547,2023-08-18
64.14935302734375,13497.58984375,4.3420000076293945,17.1299991607666,2023-08-21
64.14935302734375,13505.8701171875,4.328000068664551,16.969999313354492,2023-08-22
65.18701171875,13721.0302734375,4.197999954223633,15.979999542236328,2023-08-23
63.933990478515625,13463.9697265625,4.235000133514404,17.200000762939453,2023-08-24
64.00251007080078,13590.650390625,4.238999843597412,15.680000305175781,2023-08-25
64.7856674194336,13705.1298828125,4.211999893188477,15.079999923706055,2023-08-28
66.22468566894531,13943.759765625,4.122000217437744,14.449999809265137,2023-08-29
66.23448181152344,14019.3095703125,4.118000030517578,13.880000114440918,2023-08-30
66.3030014038086,14034.9697265625,4.0929999351501465,13.569999694824219,2023-08-31
65.686279296875,14031.8095703125,4.172999858856201,13.09000015258789,2023-09-01
65.67647552490234,14020.9501953125,4.26800012588501,14.010000228881836,2023-09-05
65.47090148925781,13872.4697265625,4.289999961853027,14.449999809265137,2023-09-06
65.35343170166016,13748.830078125,4.260000228881836,14.399999618530273,2023-09-07
65.54922485351562,13761.5302734375,4.257999897003174,13.84000015258789,2023-09-08
66.53795623779297,13917.8896484375,4.288000106811523,13.800000190734863,2023-09-11
65.84290313720703,13773.6103515625,4.263999938964844,14.229999542236328,2023-09-12
66.05826568603516,13813.58984375,4.249000072479248,13.479999542236328,2023-09-13
66.97846984863281,13926.0498046875,4.288000106811523,12.819999694824219,2023-09-14
66.087646484375,13708.330078125,4.322000026702881,13.789999961853027,2023-09-15
66.13473510742188,13710.240234375,4.318999767303467,14.0,2023-09-18
66.1838150024414,13678.1904296875,4.364999771118164,14.109999656677246,2023-09-19
65.28094482421875,13469.1298828125,4.348999977111816,15.140000343322754,2023-09-20
64.4762191772461,13223.98046875,4.480000019073486,17.540000915527344,2023-09-21
64.39771270751953,13211.8095703125,4.438000202178955,17.200000762939453,2023-09-22
64.55472564697266,13271.3203125,4.541999816894531,16.899999618530273,2023-09-25
63.83832931518555,13063.6103515625,4.558000087738037,18.940000534057617,2023-09-26
64.00517272949219,13092.849609375,4.625999927520752,18.219999313354492,2023-09-27
64.71175384521484,13201.2802734375,4.5970001220703125,17.34000015258789,2023-09-28
64.34864807128906,13219.3203125,4.572999954223633,17.520000457763672,2023-09-29
64.82952117919922,13307.76953125,4.683000087738037,17.610000610351562,2023-10-02
63.95609664916992,13059.4697265625,4.802000045776367,19.780000686645508,2023-10-03
64.56454467773438,13236.009765625,4.735000133514404,18.579999923706055,2023-10-04
64.4762191772461,13219.830078125,4.7170000076293945,18.489999771118164,2023-10-05
65.66368865966797,13431.33984375,4.783999919891357,17.450000762939453,2023-10-06
66.3702621459961,13484.240234375,4.796999931335449,17.700000762939453,2023-10-09
66.75299835205078,13562.83984375,4.65500020980835,17.030000686645508,2023-10-10
67.36145782470703,13659.6796875,4.59499979019165,16.09000015258789,2023-10-11
66.5665512084961,13574.2197265625,4.711999893188477,16.690000534057617,2023-10-12
65.8207015991211,13407.23046875,4.629000186920166,19.31999969482422,2023-10-13
66.88057708740234,13567.98046875,4.711999893188477,17.209999084472656,2023-10-16
67.11612701416016,13533.75,4.8470001220703125,17.8799991607666,2023-10-17
65.95809936523438,13314.2998046875,4.9039998054504395,19.219999313354492,2023-10-18
65.889404296875,13186.1796875,4.98799991607666,21.399999618530273,2023-10-19
65.28094482421875,12983.8095703125,4.923999786376953,21.709999084472656,2023-10-20
65.62442779541016,13018.330078125,4.8379998207092285,20.3700008392334,2023-10-23
66.39971923828125,13139.8701171875,4.840000152587891,18.969999313354492,2023-10-24
63.524295806884766,12821.2197265625,4.953000068664551,20.190000534057617,2023-10-25
62.14055633544922,12595.6103515625,4.84499979019165,20.68000030517578,2023-10-26
61.91484069824219,12643.009765625,4.84499979019165,21.270000457763672,2023-10-27
63.19062423706055,12789.48046875,4.875,19.75,2023-10-30
63.51448059082031,12851.240234375,4.875,18.139999389648438,2023-10-31
64.44678497314453,13061.4697265625,4.789000034332275,16.8700008392334,2023-11-01
65.30058288574219,13294.1904296875,4.669000148773193,15.65999984741211,2023-11-02
66.30157470703125,13478.2802734375,4.558000087738037,14.90999984741211,2023-11-03
66.12492370605469,13518.7802734375,4.6620001792907715,14.890000343322754,2023-11-06
66.47821044921875,13639.8603515625,4.571000099182129,14.8100004196167,2023-11-07
66.1641845703125,13650.41015625,4.5229997634887695,14.449999809265137,2023-11-08
66.14456939697266,13521.4501953125,4.630000114440918,15.289999961853027,2023-11-09
67.19463348388672,13798.1103515625,4.627999782562256,14.170000076293945,2023-11-10
67.04741668701172,13767.740234375,4.631999969482422,14.760000228881836,2023-11-13
68.1367416381836,14094.3798828125,4.440999984741211,14.15999984741211,2023-11-14
68.47041320800781,14103.83984375,4.534999847412109,14.180000305175781,2023-11-15
68.77464294433594,14113.669921875,4.445000171661377,14.319999694824219,2023-11-16
68.76482391357422,14125.48046875,4.440999984741211,13.800000190734863,2023-11-17
69.54011535644531,14284.5302734375,4.421999931335449,13.40999984741211,2023-11-20
69.3045883178711,14199.98046875,4.418000221252441,13.350000381469727,2023-11-21
69.87377166748047,14265.8603515625,4.415999889373779,12.850000381469727,2023-11-22
69.63823699951172,14250.849609375,4.4720001220703125,12.460000038146973,2023-11-24
69.20642852783203,14241.01953125,4.388999938964844,12.6899995803833,2023-11-27
69.37328338623047,14281.759765625,4.335999965667725,12.6899995803833,2023-11-28
68.87277221679688,14258.490234375,4.270999908447266,12.979999542236328,2023-11-29
68.47041320800781,14226.2197265625,4.3520002365112305,12.920000076293945,2023-11-30
68.6078109741211,14305.0302734375,4.22599983215332,12.630000114440918,2023-12-01
67.92084503173828,14185.490234375,4.288000106811523,13.079999923706055,2023-12-04
67.60680389404297,14229.91015625,4.171000003814697,12.850000381469727,2023-12-05
67.4301528930664,14146.7099609375,4.120999813079834,12.970000267028809,2023-12-06
68.84333038330078,14339.990234375,4.129000186920166,13.0600004196167,2023-12-07
69.16719055175781,14403.9697265625,4.244999885559082,12.350000381469727,2023-12-08
68.63723754882812,14432.490234375,4.238999843597412,12.630000114440918,2023-12-11
68.9218521118164,14533.400390625,4.205999851226807,12.069999694824219,2023-12-12
69.56954193115234,14733.9599609375,4.0329999923706055,12.1899995803833,2023-12-13
69.87377166748047,14761.5595703125,3.930000066757202,12.479999542236328,2023-12-14
69.6971206665039,14813.919921875,3.927999973297119,12.279999732971191,2023-12-15
70.55694580078125,14904.8095703125,3.9539999961853027,12.5600004196167,2023-12-18
71.27510833740234,15003.2197265625,3.921999931335449,12.529999732971191,2023-12-19
70.72419738769531,14777.9404296875,3.877000093460083,13.670000076293945,2023-12-20
71.42268371582031,14963.8701171875,3.8940000534057617,13.649999618530273,2023-12-21
71.43252563476562,14992.9697265625,3.9010000228881836,13.029999732971191,2023-12-22
71.70797729492188,15074.5703125,3.885999917984009,12.989999771118164,2023-12-26
71.71782684326172,15099.1796875,3.7890000343322754,12.430000305175781,2023-12-27
71.91458129882812,15095.1396484375,3.8499999046325684,12.470000267028809,2023-12-28
71.4817123413086,15011.349609375,3.865999937057495,12.449999809265137,2023-12-29
71.078369140625,14765.9404296875,3.946000099182129,13.199999809265137,2024-01-02
70.812744140625,14592.2099609375,3.9070000648498535,14.039999961853027,2024-01-03
70.57662963867188,14510.2998046875,3.990999937057495,14.130000114440918,2024-01-04
70.87175750732422,14524.0703125,4.041999816894531,13.350000381469727,2024-01-05
71.97361755371094,14843.76953125,4.001999855041504,13.079999923706055,2024-01-08
71.82603454589844,14857.7099609375,4.019000053405762,12.760000228881836,2024-01-09
72.4950180053711,14969.650390625,4.03000020980835,12.6899995803833,2024-01-10
72.2588882446289,14970.1904296875,3.9769999980926514,12.4399995803833,2024-01-11
72.6130599975586,14972.759765625,3.950000047683716,12.699999809265137,2024-01-12
72.19986724853516,14944.349609375,4.065999984741211,13.84000015258789,2024-01-16
71.75717163085938,14855.6201171875,4.105999946594238,14.789999961853027,2024-01-17
72.63274383544922,15055.650390625,4.144000053405762,14.130000114440918,2024-01-18
73.61652374267578,15310.9697265625,4.145999908447266,13.300000190734863,2024-01-19
73.76408386230469,15360.2900390625,4.093999862670898,13.1899995803833,2024-01-22
74.49208068847656,15425.9404296875,4.142000198364258,12.550000190734863,2024-01-23
74.95447540283203,15481.919921875,4.177999973297119,13.140000343322754,2024-01-24
76.17436218261719,15510.5,4.131999969482422,13.449999809265137,2024-01-25
76.42030334472656,15455.3603515625,4.159999847412109,13.260000228881836,2024-01-26
77.05975341796875,15628.0400390625,4.091000080108643,13.600000381469727,2024-01-29
76.53836059570312,15509.900390625,4.059000015258789,13.3100004196167,2024-01-30
74.64949798583984,15164.009765625,3.9670000076293945,14.350000381469727,2024-01-31
75.41683959960938,15361.6396484375,3.86299991607666,13.880000114440918,2024-02-01
78.44689178466797,15628.9501953125,4.0329999923706055,13.850000381469727,2024-02-02
77.34506225585938,15597.6796875,4.164000034332275,13.670000076293945,2024-02-05
77.10894775390625,15609.0,4.090000152587891,13.0600004196167,2024-02-06
77.5024642944336,15756.6396484375,4.110000133514404,12.829999923706055,2024-02-07
77.797607421875,15793.7099609375,4.170000076293945,12.789999961853027,2024-02-08
77.8861312866211,15990.66015625,4.186999797821045,12.930000305175781,2024-02-09
78.132080078125,15942.5498046875,4.171999931335449,13.930000305175781,2024-02-12
77.03025817871094,15655.599609375,4.315999984741211,15.850000381469727,2024-02-13
78.25997924804688,15859.150390625,4.267000198364258,14.380000114440918,2024-02-14
78.8994369506836,15906.169921875,4.239999771118164,14.010000228881836,2024-02-15
77.66971588134766,15775.650390625,4.295000076293945,14.239999771118164,2024-02-16
77.5516586303711,15630.7802734375,4.275000095367432,15.420000076293945,2024-02-20
77.4631118774414,15580.8701171875,4.324999809265137,15.34000015258789,2024-02-21
78.62397003173828,16041.6201171875,4.327000141143799,14.539999961853027,2024-02-22
78.42721557617188,15996.8203125,4.260000228881836,13.75,2024-02-23
77.2860336303711,15976.25,4.298999786376953,13.739999771118164,2024-02-26
77.91565704345703,16035.2998046875,4.315000057220459,13.430000305175781,2024-02-27
77.38441467285156,15947.740234375,4.27400016784668,13.84000015258789,2024-02-28
78.07305908203125,16091.919921875,4.251999855041504,13.399999618530273,2024-02-29
78.72235107421875,16274.9404296875,4.179999828338623,13.109999656677246,2024-03-01
77.68939208984375,16207.509765625,4.218999862670898,13.489999771118164,2024-03-04
77.05975341796875,15939.58984375,4.13700008392334,14.460000038146973,2024-03-05
77.16798400878906,16031.5400390625,4.104000091552734,14.5,2024-03-06
78.41738891601562,16273.3798828125,4.0920000076293945,14.4399995803833,2024-03-07
78.29933166503906,16085.1103515625,4.089000225067139,14.739999771118164,2024-03-08
78.15174865722656,16019.26953125,4.104000091552734,15.220000267028809,2024-03-11
78.84041595458984,16265.6396484375,4.15500020980835,13.84000015258789,2024-03-12
78.97814178466797,16177.76953125,4.191999912261963,13.75,2024-03-13
78.79121398925781,16128.5302734375,4.297999858856201,14.399999618530273,2024-03-14
78.00419616699219,15973.169921875,4.303999900817871,14.40999984741211,2024-03-15
79.6061782836914,16103.4501953125,4.340000152587891,14.329999923706055,2024-03-18
79.57659149169922,16166.7900390625,4.296999931335449,13.819999694824219,2024-03-19
80.51371765136719,16369.41015625,4.2729997634887695,13.039999961853027,2024-03-20
80.5433120727539,16401.83984375,4.270999908447266,12.920000076293945,2024-03-21
80.71100616455078,16428.8203125,4.2179999351501465,13.0600004196167,2024-03-22
80.43479919433594,16384.470703125,4.252999782562256,13.1899995803833,2024-03-25
80.26710510253906,16315.7001953125,4.234000205993652,13.239999771118164,2024-03-26
80.68140411376953,16399.51953125,4.196000099182129,12.779999732971191,2024-03-27
80.55317687988281,16379.4599609375,4.205999851226807,13.010000228881836,2024-03-28
81.17462921142578,16396.830078125,4.328999996185303,13.649999618530273,2024-04-01
81.04640197753906,16240.4501953125,4.364999771118164,14.609999656677246,2024-04-02
81.68758392333984,16277.4599609375,4.355000019073486,14.329999923706055,2024-04-03
80.58277130126953,16049.080078125,4.309000015258789,16.350000381469727,2024-04-04
81.40151977539062,16248.51953125,4.377999782562256,16.030000686645508,2024-04-05
81.411376953125,16253.9599609375,4.423999786376953,15.1899995803833,2024-04-08
81.50016021728516,16306.6396484375,4.366000175476074,14.979999542236328,2024-04-09
80.85897064208984,16170.3603515625,4.559999942779541,15.800000190734863,2024-04-10
81.5692138671875,16442.19921875,4.576000213623047,14.90999984741211,2024-04-11
80.22764587402344,16175.08984375,4.499000072479248,17.309999465942383,2024-04-12
79.21160888671875,15885.01953125,4.627999782562256,19.229999542236328,2024-04-15
78.94526672363281,15865.25,4.658999919891357,18.399999618530273,2024-04-16
78.87620544433594,15683.3701171875,4.585000038146973,18.209999084472656,2024-04-17
79.26092529296875,15601.5,4.646999835968018,18.0,2024-04-18
78.3928451538086,15282.009765625,4.614999771118164,18.709999084472656,2024-04-19
78.5013656616211,15451.3095703125,4.623000144958496,16.940000534057617,2024-04-22
79.6949691772461,15696.6396484375,4.5980000495910645,15.6899995803833,2024-04-23
79.7442855834961,15712.75,4.6519999504089355,15.970000267028809,2024-04-24
76.9033203125,15611.759765625,4.705999851226807,15.369999885559082,2024-04-25
79.02417755126953,15927.900390625,4.669000148773193,15.029999732971191,2024-04-26
78.10678100585938,15983.080078125,4.613999843597412,14.670000076293945,2024-04-29
76.80467224121094,15657.8203125,4.685999870300293,15.649999618530273,2024-04-30
77.5149154663086,15605.48046875,4.59499979019165,15.390000343322754,2024-05-01
78.29421997070312,15840.9599609375,4.571000099182129,14.680000305175781,2024-05-02
79.1228256225586,16156.330078125,4.5,13.489999771118164,2024-05-03
80.19805145263672,16349.25,4.488999843597412,13.489999771118164,2024-05-06
80.28683471679688,16332.5595703125,4.4629998207092285,13.229999542236328,2024-05-07
80.15859985351562,16302.759765625,4.492000102996826,13.0,2024-05-08
80.56304168701172,16346.259765625,4.448999881744385,12.6899995803833,2024-05-09
80.68140411376953,16340.8701171875,4.504000186920166,12.550000190734863,2024-05-10
80.53343963623047,16388.240234375,4.480999946594238,13.600000381469727,2024-05-13
80.89842224121094,16511.1796875,4.445000171661377,13.420000076293945,2024-05-14
81.411376953125,16742.390625,4.355999946594238,12.449999809265137,2024-05-15
81.3521957397461,16698.3203125,4.376999855041504,12.420000076293945,2024-05-16
81.49029541015625,16685.970703125,4.420000076293945,11.989999771118164,2024-05-17
81.72704315185547,16794.869140625,4.436999797821045,12.149999618530273,2024-05-20
81.61853790283203,16832.619140625,4.414000034332275,11.859999656677246,2024-05-21
81.71717071533203,16801.5390625,4.434000015258789,12.289999961853027,2024-05-22
80.78990936279297,16736.029296875,4.474999904632568,12.770000457763672,2024-05-23
81.82567596435547,16920.7890625,4.4670000076293945,11.930000305175781,2024-05-24
81.96378326416016,17019.880859375,4.541999816894531,12.920000076293945,2024-05-28
81.52975463867188,16920.580078125,4.624000072479248,14.279999732971191,2024-05-29
81.26341247558594,16737.080078125,4.553999900817871,14.470000267028809,2024-05-30
82.13148498535156,16735.01953125,4.513999938964844,12.920000076293945,2024-05-31
82.4570083618164,16828.669921875,4.4019999504089355,13.109999656677246,2024-06-03
82.77267456054688,16857.05078125,4.335999965667725,13.15999984741211,2024-06-04
83.77884674072266,17187.900390625,4.289000034332275,12.630000114440918,2024-06-05
83.82817077636719,17173.119140625,4.281000137329102,12.579999923706055,2024-06-06
83.25603485107422,17133.130859375,4.429999828338623,12.220000267028809,2024-06-07
83.46318817138672,17192.529296875,4.468999862670898,12.739999771118164,2024-06-10
83.62101745605469,17343.55078125,4.4039998054504395,12.850000381469727,2024-06-11
83.4434585571289,17608.439453125,4.295000076293945,12.039999961853027,2024-06-12
82.72335052490234,17667.560546875,4.23799991607666,11.9399995803833,2024-06-13
82.98969268798828,17688.880859375,4.2129998207092285,12.65999984741211,2024-06-14
83.38426208496094,17857.01953125,4.2789998054504395,12.75,2024-06-17
82.89104461669922,17862.23046875,4.2170000076293945,12.300000190734863,2024-06-18
83.24616241455078,17721.58984375,4.254000186920166,13.279999732971191,2024-06-20
83.78871154785156,17689.359375,4.256999969482422,13.199999809265137,2024-06-21
84.0696029663086,17496.8203125,4.248000144958496,13.329999923706055,2024-06-24
85.00920104980469,17717.650390625,4.23799991607666,12.84000015258789,2024-06-25
85.01908874511719,17805.16015625,4.315999984741211,12.550000190734863,2024-06-26
85.50372314453125,17858.6796875,4.288000106811523,12.239999771118164,2024-06-27
84.72238159179688,17732.599609375,4.3429999351501465,12.4399995803833,2024-06-28
84.36632537841797,17879.30078125,4.479000091552734,12.220000267028809,2024-07-01
85.11800384521484,18028.759765625,4.435999870300293,12.029999732971191,2024-07-02
85.14767456054688,18188.30078125,4.355000019073486,12.09000015258789,2024-07-03
86.79940032958984,18352.759765625,4.271999835968018,12.479999542236328,2024-07-05
86.0180435180664,18403.740234375,4.269000053405762,12.369999885559082,2024-07-08
86.28508758544922,18429.2890625,4.300000190734863,12.510000228881836,2024-07-09
86.82906341552734,18647.44921875,4.28000020980835,12.850000381469727,2024-07-10
85.64219665527344,18283.41015625,4.192999839782715,12.920000076293945,2024-07-11
85.3652572631836,18398.44921875,4.189000129699707,12.460000038146973,2024-07-12
85.671875,18472.5703125,4.229000091552734,13.119999885559082,2024-07-15
85.89934539794922,18509.33984375,4.166999816894531,13.1899995803833,2024-07-16
84.60369873046875,17996.919921875,4.145999908447266,14.479999542236328,2024-07-17
84.55424499511719,17871.220703125,4.189000129699707,15.930000305175781,2024-07-18
84.17840576171875,17726.939453125,4.238999843597412,16.520000457763672,2024-07-19
84.53446197509766,18007.5703125,4.260000228881836,14.90999984741211,2024-07-22
84.415771484375,17997.349609375,4.238999843597412,14.720000267028809,2024-07-23
82.2101821899414,17342.41015625,4.285999774932861,18.040000915527344,2024-07-24
81.26069641113281,17181.720703125,4.25600004196167,18.459999084472656,2024-07-25
82.78382873535156,17357.880859375,4.199999809265137,16.389999389648438,2024-07-26
83.51573944091797,17370.19921875,4.177999973297119,16.600000381469727,2024-07-29
83.85201263427734,17147.419921875,4.14300012588501,17.690000534057617,2024-07-30
84.85095977783203,17599.400390625,4.109000205993652,16.360000610351562,2024-07-31
85.19712829589844,17194.150390625,3.9760000705718994,18.59000015258789,2024-08-01
83.81245422363281,16776.16015625,3.7920000553131104,23.389999389648438,2024-08-02
81.40904235839844,16200.080078125,3.7850000858306885,38.56999969482422,2024-08-05
82.3684310913086,16366.849609375,3.888000011444092,27.709999084472656,2024-08-06
81.93324279785156,16195.8095703125,3.9679999351501465,27.850000381469727,2024-08-07
83.565185546875,16660.01953125,3.996999979019165,23.790000915527344,2024-08-08
84.27730560302734,16745.30078125,3.941999912261963,20.3700008392334,2024-08-09
83.69376373291016,16780.609375,3.9089999198913574,20.709999084472656,2024-08-12
84.78172302246094,17187.609375,3.8519999980926514,18.1200008392334,2024-08-13
84.29708099365234,17192.599609375,3.819999933242798,16.190000534057617,2024-08-14
85.05866241455078,17594.5,3.9260001182556152,15.229999542236328,2024-08-15
85.3158187866211,17631.720703125,3.8919999599456787,14.800000190734863,2024-08-16
86.28508758544922,17876.76953125,3.867000102996826,14.649999618530273,2024-08-19
86.22574615478516,17816.939453125,3.818000078201294,15.880000114440918,2024-08-20
86.59169006347656,17918.990234375,3.7780001163482666,16.270000457763672,2024-08-21
85.93891906738281,17619.349609375,3.861999988555908,17.549999237060547,2024-08-22
86.542236328125,17877.7890625,3.806999921798706,15.859999656677246,2024-08-23
86.74005126953125,17725.76953125,3.818000078201294,16.149999618530273,2024-08-26
86.542236328125,17754.8203125,3.8329999446868896,15.430000305175781,2024-08-27
85.96858978271484,17556.029296875,3.8410000801086426,17.110000610351562,2024-08-28
85.79055786132812,17516.4296875,3.867000102996826,15.649999618530273,2024-08-29
86.36421203613281,17713.619140625,3.9110000133514404,15.0,2024-08-30
84.78172302246094,17136.30078125,3.8440001010894775,20.719999313354492,2024-09-03
84.37620544433594,17084.30078125,3.7679998874664307,21.31999969482422,2024-09-04
84.62347412109375,17127.66015625,3.7309999465942383,19.899999618530273,2024-09-05
82.85305786132812,16690.830078125,3.7100000381469727,22.3799991607666,2024-09-06
83.2091293334961,16884.599609375,3.697000026702881,19.450000762939453,2024-09-09
83.18934631347656,17025.880859375,3.6459999084472656,19.079999923706055,2024-09-10
83.53551483154297,17395.529296875,3.6530001163482666,17.690000534057617,2024-09-11
85.09822082519531,17569.6796875,3.680000066757202,17.06999969482422,2024-09-12
85.91913604736328,17683.98046875,3.6500000953674316,16.559999465942383,2024-09-13
86.81916809082031,17592.130859375,3.621000051498413,17.139999389648438,2024-09-16
86.81916809082031,17628.060546875,3.6419999599456787,17.610000610351562,2024-09-17
86.74993896484375,17573.30078125,3.684999942779541,18.229999542236328,2024-09-18
87.92692565917969,18013.98046875,3.740000009536743,16.329999923706055,2024-09-19
87.92692565917969,17948.3203125,3.7279999256134033,16.149999618530273,2024-09-20
88.12433624267578,17974.26953125,3.739000082015991,15.890000343322754,2024-09-23
88.54100036621094,18074.51953125,3.7360000610351562,15.390000343322754,2024-09-24
88.26322937011719,18082.2109375,3.7809998989105225,15.40999984741211,2024-09-25
88.7592544555664,18190.2890625,3.7909998893737793,15.369999885559082,2024-09-26
89.29496002197266,18119.58984375,3.749000072479248,16.959999084472656,2024-09-27
89.68186950683594,18189.169921875,3.802000045776367,16.729999542236328,2024-09-30
89.75130462646484,17910.359375,3.743000030517578,19.260000228881836,2024-10-01
89.4735336303711,17925.119140625,3.7850000858306885,18.899999618530273,2024-10-02
89.1659927368164,17918.48046875,3.8499999046325684,20.489999771118164,2024-10-03
90.15804290771484,18137.849609375,3.9809999465942383,19.209999084472656,2024-10-04
88.94775390625,17923.900390625,4.026000022888184,22.639999389648438,2024-10-07
89.7314682006836,18182.919921875,4.0329999923706055,21.420000076293945,2024-10-08
89.76122283935547,18291.619140625,4.066999912261963,20.860000610351562,2024-10-09
89.09654998779297,18282.05078125,4.0960001945495605,20.93000030517578,2024-10-10
89.71162414550781,18342.939453125,4.072999954223633,20.459999084472656,2024-10-11
90.12828826904297,18502.689453125,4.0980000495910645,19.700000762939453,2024-10-14
90.32670593261719,18315.58984375,4.038000106811523,20.639999389648438,2024-10-15
90.26717376708984,18367.080078125,4.015999794006348,19.579999923706055,2024-10-16
89.84059143066406,18373.609375,4.0960001945495605,19.110000610351562,2024-10-17
90.5052719116211,18489.55078125,4.072999954223633,18.030000686645508,2024-10-18
90.14813995361328,18540.009765625,4.182000160217285,18.3700008392334,2024-10-21
90.277099609375,18579.76953125,4.203999996185303,18.200000762939453,2024-10-22
89.59257507324219,18276.650390625,4.242000102996826,19.239999771118164,2024-10-23
89.90011596679688,18415.490234375,4.199999809265137,19.079999923706055,2024-10-24
90.12828826904297,18518.609375,4.23199987411499,20.329999923706055,2024-10-25
90.70368194580078,18567.189453125,4.2779998779296875,19.799999237060547,2024-10-28
91.55685424804688,18712.75,4.27400016784668,19.34000015258789,2024-10-29
92.11239624023438,18607.9296875,4.265999794006348,20.350000381469727,2024-10-30
91.308837890625,18095.150390625,4.283999919891357,23.15999984741211,2024-10-31
91.66597747802734,18239.919921875,4.361000061035156,21.8799991607666,2024-11-01
91.35842895507812,18179.98046875,4.309000015258789,21.979999542236328,2024-11-04
92.3703384399414,18439.169921875,4.289000034332275,20.489999771118164,2024-11-05
94.64214324951172,18983.470703125,4.426000118255615,16.270000457763672,2024-11-06
95.88221740722656,19269.4609375,4.341000080108643,15.199999809265137,2024-11-07
95.41594696044922,19286.779296875,4.306000232696533,14.9399995803833,2024-11-08
95.95166015625,19298.759765625,4.308000087738037,14.970000267028809,2024-11-11
96.3881607055664,19281.400390625,4.432000160217285,14.710000038146973,2024-11-12
96.42784881591797,19230.720703125,4.451000213623047,14.020000457763672,2024-11-13
96.31871795654297,19107.650390625,4.418000221252441,14.3100004196167,2024-11-14
94.39413452148438,18680.119140625,4.427999973297119,16.139999389648438,2024-11-15
95.32666015625,18791.810546875,4.414000034332275,15.579999923706055,2024-11-18
95.95166015625,18987.470703125,4.379000186920166,16.350000381469727,2024-11-19
96.56673431396484,18966.140625,4.406000137329102,17.15999984741211,2024-11-20
96.31871795654297,18972.419921875,4.432000160217285,16.8700008392334,2024-11-21
96.11038208007812,19003.650390625,4.409999847412109,15.239999771118164,2024-11-22
96.60641479492188,19054.83984375,4.264999866485596,14.600000381469727,2024-11-25
96.96354675292969,19174.30078125,4.302000045776367,14.100000381469727,2024-11-26
97.09252166748047,19060.48046875,4.242000102996826,14.100000381469727,2024-11-27
97.61831665039062,19218.169921875,4.177999973297119,13.510000228881836,2024-11-29
98.421875,19403.94921875,4.196000099182129,13.34000015258789,2024-12-02
99.21552276611328,19480.91015625,4.2230000495910645,13.300000190734863,2024-12-03
99.44369506835938,19735.119140625,4.179999828338623,13.449999809265137,2024-12-04
99.21552276611328,19700.259765625,4.179999828338623,13.539999961853027,2024-12-05
100.12821197509766,19859.76953125,4.151000022888184,12.770000457763672,2024-12-06
97.99529266357422,19736.689453125,4.198999881744385,14.1899995803833,2024-12-09
99.5329818725586,19687.240234375,4.2210001945495605,14.180000305175781,2024-12-10
101.15995025634766,20034.890625,4.270999908447266,13.579999923706055,2024-12-11
101.34844970703125,19902.83984375,4.323999881744385,13.920000076293945,2024-12-12
100.13814544677734,19926.720703125,4.39900016784668,13.8100004196167,2024-12-13
100.52503967285156,20173.890625,4.396999835968018,14.6899995803833,2024-12-16
99.77107238769531,20109.060546875,4.385000228881836,15.869999885559082,2024-12-17
96.92387390136719,19392.689453125,4.49399995803833,27.6200008392334,2024-12-18
96.65602111816406,19372.76953125,4.570000171661377,24.09000015258789,2024-12-19
97.18180084228516,19572.599609375,4.52400016784668,18.360000610351562,2024-12-20
97.71294403076172,19764.880859375,4.598999977111816,16.780000686645508,2024-12-23
98.63795471191406,20031.130859375,4.591000080108643,14.270000457763672,2024-12-24
98.50865936279297,20020.359375,4.578999996185303,14.729999542236328,2024-12-26
97.63337707519531,19722.029296875,4.61899995803833,15.949999809265137,2024-12-27
96.60890197753906,19486.7890625,4.545000076293945,17.399999618530273,2024-12-30
96.29061126708984,19310.7890625,4.572999954223633,17.350000381469727,2024-12-31
96.75809478759766,19280.7890625,4.574999809265137,17.93000030517578,2025-01-02
97.35487365722656,19621.6796875,4.5960001945495605,16.1299991607666,2025-01-03
98.40918731689453,19864.98046875,4.618000030517578,16.040000915527344,2025-01-06
97.31509399414062,19489.6796875,4.683000087738037,17.81999969482422,2025-01-07
96.73820495605469,19478.880859375,4.692999839782715,17.700000762939453,2025-01-08
95.29598236083984,19161.630859375,4.776000022888184,19.540000915527344,2025-01-10
95.33576965332031,19088.099609375,4.802999973297119,19.190000534057617,2025-01-13
95.01748657226562,19044.390625,4.788000106811523,18.709999084472656,2025-01-14
96.57905578613281,19511.23046875,4.6529998779296875,16.1200008392334,2025-01-15
96.03201293945312,19338.2890625,4.605999946594238,16.600000381469727,2025-01-16
96.86750030517578,19630.19921875,4.609000205993652,15.970000267028809,2025-01-17
97.74278259277344,19756.779296875,4.573999881744385,15.0600004196167,2025-01-21
98.717529296875,20009.33984375,4.598999977111816,15.100000381469727,2025-01-22
98.97613525390625,20053.6796875,4.638000011444092,15.020000457763672,2025-01-23
99.87130737304688,19954.30078125,4.625999927520752,14.850000381469727,2025-01-24
100.38851165771484,19341.830078125,4.5279998779296875,17.899999618530273,2025-01-27
100.8758773803711,19733.58984375,4.551000118255615,16.40999984741211,2025-01-28
101.32347869873047,19632.3203125,4.554999828338623,16.559999465942383,2025-01-29
101.42293548583984,19681.75,4.51200008392334,15.84000015258789,2025-01-30
101.83073425292969,19627.439453125,4.568999767303467,16.43000030517578,2025-01-31
102.04955291748047,19391.9609375,4.543000221252441,18.6200008392334,2025-02-03
102.96461486816406,19654.01953125,4.513000011444092,17.209999084472656,2025-02-04
101.96997833251953,19692.330078125,4.421999931335449,15.770000457763672,2025-02-05
102.40762329101562,19791.990234375,4.440000057220459,15.5,2025-02-06
102.18879699707031,19523.400390625,4.486999988555908,16.540000915527344,2025-02-07
102.6463394165039,19714.26953125,4.493000030517578,15.8100004196167,2025-02-10
102.8154296875,19643.859375,4.5370001792907715,16.020000457763672,2025-02-11
102.92484283447266,19649.94921875,4.63700008392334,15.890000343322754,2025-02-12
104.10844421386719,19945.640625,4.525000095367432,15.100000381469727,2025-02-13
104.7450180053711,20026.76953125,4.4720001220703125,14.770000457763672,2025-02-14
104.25764465332031,20041.259765625,4.544000148773193,15.350000381469727,2025-02-18
104.37699890136719,20056.25,4.534999847412109,15.270000457763672,2025-02-19
103.8896255493164,19962.359375,4.5,15.65999984741211,2025-02-20
102.46730041503906,19524.009765625,4.420000076293945,18.209999084472656,2025-02-21
102.66622924804688,19286.9296875,4.39300012588501,18.979999542236328,2025-02-24
101.14443969726562,19026.390625,4.297999858856201,19.43000030517578,2025-02-25
100.96540832519531,19075.259765625,4.249000072479248,19.100000381469727,2025-02-26
99.99066162109375,18544.419921875,4.284999847412109,21.1299991607666,2025-02-27
101.45277404785156,18847.279296875,4.230999946594238,19.6299991607666,2025-02-28
100.43824768066406,18350.189453125,4.179999828338623,22.780000686645508,2025-03-03
99.64253997802734,18285.16015625,4.210000038146973,23.510000228881836,2025-03-04
100.92562103271484,18552.73046875,4.264999866485596,21.93000030517578,2025-03-05
99.1153793334961,18069.259765625,4.285999774932861,24.8700008392334,2025-03-06
99.75194549560547,18196.220703125,4.316999912261963,23.3700008392334,2025-03-07
97.2653579711914,17468.3203125,4.2129998207092285,27.860000610351562,2025-03-10
95.83308410644531,17436.099609375,4.288000106811523,26.920000076293945,2025-03-11
96.31050872802734,17648.44921875,4.317999839782715,24.229999542236328,2025-03-12
94.33118438720703,17303.009765625,4.27400016784668,24.65999984741211,2025-03-13
96.06185150146484,17754.08984375,4.308000087738037,21.770000457763672,2025-03-14
96.7481460571289,17808.66015625,4.306000232696533,20.510000228881836,2025-03-17
95.39544677734375,17504.119140625,4.281000137329102,21.700000762939453,2025-03-18
96.52933502197266,17750.7890625,4.25600004196167,19.899999618530273,2025-03-19
96.3204574584961,17691.630859375,4.232999801635742,19.799999237060547,2025-03-20
97.07637786865234,17784.05078125,4.251999855041504,19.280000686645508,2025-03-21
98.4510498046875,18188.58984375,4.330999851226807,17.479999542236328,2025-03-24
99.6980209350586,18271.859375,4.307000160217285,17.149999618530273,2025-03-25
98.8500747680664,17899.01953125,4.3379998207092285,18.329999923706055,2025-03-26
98.41114044189453,17804.029296875,4.36899995803833,18.690000534057617,2025-03-27
95.50818634033203,17322.990234375,4.255000114440918,21.649999618530273,2025-03-28
96.21646881103516,17299.2890625,4.245999813079834,22.280000686645508,2025-03-31
96.27632904052734,17449.890625,4.156000137329102,21.770000457763672,2025-04-01
96.6155014038086,17601.05078125,4.196000099182129,21.510000228881836,2025-04-02
92.30596160888672,16550.609375,4.054999828338623,30.020000457763672,2025-04-03
87.018798828125,15587.7900390625,3.984999895095825,45.310001373291016,2025-04-04
87.13850402832031,15603.259765625,4.15500020980835,46.97999954223633,2025-04-07
85.92145538330078,15267.91015625,4.26200008392334,52.33000183105469,2025-04-08
93.51303100585938,17124.970703125,4.400000095367432,33.619998931884766,2025-04-09
90.28087615966797,16387.310546875,4.394000053405762,40.720001220703125,2025-04-10
91.04901123046875,16724.4609375,4.493000030517578,37.560001373291016,2025-04-11
91.65753173828125,16831.48046875,4.363999843597412,30.889999389648438,2025-04-14
91.88697814941406,16823.169921875,4.322999954223633,30.1200008392334,2025-04-15
89.41297912597656,16307.16015625,4.2789998054504395,32.63999938964844,2025-04-16
89.9915771484375,16286.4501953125,4.333000183105469,29.649999618530273,2025-04-17
87.96649169921875,15870.900390625,4.40500020980835,33.81999969482422,2025-04-21
90.26092529296875,16300.419921875,4.388999938964844,30.56999969482422,2025-04-22
91.70741271972656,16708.05078125,4.38700008392334,28.450000762939453,2025-04-23
93.54295349121094,17166.0390625,4.304999828338623,26.469999313354492,2025-04-24
94.13153076171875,17382.939453125,4.265999794006348,24.84000015258789,2025-04-25
94.49066162109375,17366.130859375,4.216000080108643,25.149999618530273,2025-04-28
95.17899322509766,17461.3203125,4.172999858856201,24.170000076293945,2025-04-29
95.20891571044922,17446.33984375,4.177000045776367,24.700000762939453,2025-04-30
95.6977310180664,17710.740234375,4.230999946594238,24.600000381469727,2025-05-01
97.18412017822266,17977.73046875,4.322000026702881,22.68000030517578,2025-05-02
97.41356658935547,17844.240234375,4.3429999351501465,23.639999389648438,2025-05-05
97.39360809326172,17689.66015625,4.308000087738037,24.760000228881836,2025-05-06
97.21404266357422,17738.16015625,4.275000095367432,23.549999237060547,2025-05-07
97.44348907470703,17928.140625,4.373000144958496,22.479999542236328,2025-05-08
96.9447021484375,17928.919921875,4.375,21.899999618530273,2025-05-09
98.95980834960938,18708.33984375,4.456999778747559,18.389999389648438,2025-05-12
99.92745971679688,19010.08984375,4.499000072479248,18.219999313354492,2025-05-13
100.44620513916016,19146.810546875,4.5279998779296875,18.6200008392334,2025-05-14
100.84523010253906,19112.3203125,4.454999923706055,17.829999923706055,2025-05-15
101.53356170654297,19211.099609375,4.440999984741211,17.239999771118164,2025-05-16
101.63331604003906,19215.4609375,4.474999904632568,18.139999389648438,2025-05-19
101.38392639160156,19142.7109375,4.480999946594238,18.09000015258789,2025-05-20
100.62577056884766,18872.640625,4.5960001945495605,20.8700008392334,2025-05-21
100.40630340576172,18925.740234375,4.552999973297119,20.280000686645508,2025-05-22
99.94741821289062,18737.2109375,4.508999824523926,22.290000915527344,2025-05-23
101.5734634399414,19199.16015625,4.434000015258789,18.959999084472656,2025-05-27
101.55352020263672,19100.939453125,4.4770002365112305,19.309999465942383,2025-05-28
100.73550415039062,19175.869140625,4.423999786376953,19.18000030517578,2025-05-29
101.15448760986328,19113.76953125,4.415999889373779,18.56999969482422,2025-05-30
101.65327453613281,19242.609375,4.461999893188477,18.360000610351562,2025-06-02
101.36397552490234,19398.9609375,4.460000038146973,17.690000534057617,2025-06-03
102.01240539550781,19460.490234375,4.364999771118164,17.610000610351562,2025-06-04
102.15206146240234,19298.44921875,4.394000053405762,18.479999542236328,2025-06-05
103.45889282226562,19529.94921875,4.510000228881836,16.770000457763672,2025-06-06
103.15962219238281,19591.240234375,4.48199987411499,17.15999984741211,2025-06-09
104.46644592285156,19714.990234375,4.473999977111816,16.950000762939453,2025-06-10
104.2270278930664,19615.880859375,4.4120001792907715,17.260000228881836,2025-06-11
103.37908172607422,19662.490234375,4.35699987411499,18.020000457763672,2025-06-12
102.33162689208984,19406.830078125,4.423999786376953,20.81999969482422,2025-06-13
104.08736419677734,19701.2109375,4.452000141143799,19.110000610351562,2025-06-16
103.16959381103516,19521.08984375,4.39300012588501,21.600000381469727,2025-06-17
103.21947479248047,19546.26953125,4.396999835968018,20.139999389648438,2025-06-18
102.59099578857422,19447.41015625,4.375,20.6200008392334,2025-06-20
103.88999938964844,19630.970703125,4.320000171661377,19.829999923706055,2025-06-23
105.2300033569336,19912.529296875,4.293000221252441,17.479999542236328,2025-06-24
105.20999908447266,19973.55078125,4.293000221252441,16.760000228881836,2025-06-25
106.43000030517578,20167.91015625,4.252999782562256,16.59000015258789,2025-06-26
107.68000030517578,20273.4609375,4.2829999923706055,16.31999969482422,2025-06-27
108.52999877929688,20369.73046875,4.230000019073486,16.729999542236328,2025-06-30
107.76000213623047,20202.890625,4.250999927520752,16.829999923706055,2025-07-01
107.44999694824219,20393.130859375,4.293000221252441,16.639999389648438,2025-07-02
108.04000091552734,20601.099609375,4.3480000495910645,16.3799991607666,2025-07-03
107.0,20412.51953125,4.394999980926514,17.790000915527344,2025-07-07
106.77999877929688,20418.4609375,4.414999961853027,16.809999465942383,2025-07-08
107.05999755859375,20611.33984375,4.3420000076293945,15.9399995803833,2025-07-09
106.69999694824219,20630.66015625,4.3460001945495605,15.779999732971191,2025-07-10
106.01000213623047,20585.529296875,4.422999858856201,16.399999618530273,2025-07-11
107.05000305175781,20640.330078125,4.427000045776367,17.200000762939453,2025-07-14
105.98999786376953,20677.80078125,4.488999843597412,17.3799991607666,2025-07-15
106.30999755859375,20730.490234375,4.454999923706055,17.15999984741211,2025-07-16
