date,registrations
2020-03-15,1506030015.0
2020-03-16,1508250359.0
2020-03-17,1510229743.0
2020-03-18,
2020-03-19,
2020-03-20,1516161183.0
2020-03-21,1518365391.0
2020-03-22,
2020-03-23,1522773183.0
2020-03-24,
2020-03-25,1526820415.0
2020-03-26,
2020-03-27,
2020-03-28,
2020-03-29,
2020-03-30,
2020-03-31,
2020-04-01,
2020-04-02,
2020-04-03,
2020-04-04,
2020-04-05,
2020-04-06,
2020-04-07,
2020-04-08,
2020-04-09,
2020-04-10,
2020-04-11,
2020-04-12,
2020-04-13,
2020-04-14,
2020-04-15,
2020-04-16,
2020-04-17,
2020-04-18,
2020-04-19,
2020-04-20,
2020-04-21,
2020-04-22,
2020-04-23,
2020-04-24,
2020-04-25,
2020-04-26,
2020-04-27,
2020-04-28,
2020-04-29,
2020-04-30,
2020-05-01,
2020-05-02,
2020-05-03,
2020-05-04,
2020-05-05,
2020-05-06,
2020-05-07,
2020-05-08,
2020-05-09,
2020-05-10,
2020-05-11,
2020-05-12,
2020-05-13,
2020-05-14,
2020-05-15,
2020-05-16,
2020-05-17,
2020-05-18,
2020-05-19,
2020-05-20,
2020-05-21,
2020-05-22,
2020-05-23,
2020-05-24,
2020-05-25,
2020-05-26,
2020-05-27,
2020-05-28,
2020-05-29,
2020-05-30,
2020-05-31,
2020-06-01,
2020-06-02,
2020-06-03,
2020-06-04,
2020-06-05,
2020-06-06,
2020-06-07,
2020-06-08,
2020-06-09,
2020-06-10,
2020-06-11,
2020-06-12,
2020-06-13,
2020-06-14,
2020-06-15,
2020-06-16,
2020-06-17,
2020-06-18,
2020-06-19,
2020-06-20,
2020-06-21,
2020-06-22,
2020-06-23,
2020-06-24,
2020-06-25,
2020-06-26,
2020-06-27,
2020-06-28,
2020-06-29,
2020-06-30,
2020-07-01,
2020-07-02,
2020-07-03,
2020-07-04,
2020-07-05,
2020-07-06,
2020-07-07,
2020-07-08,
2020-07-09,
2020-07-10,
2020-07-11,
2020-07-12,
2020-07-13,
2020-07-14,
2020-07-15,
2020-07-16,
2020-07-17,
2020-07-18,
2020-07-19,
2020-07-20,
2020-07-21,
2020-07-22,
2020-07-23,
2020-07-24,
2020-07-25,
2020-07-26,
2020-07-27,
2020-07-28,
2020-07-29,
2020-07-30,
2020-07-31,
2020-08-01,
2020-08-02,
2020-08-03,
2020-08-04,
2020-08-05,
2020-08-06,
2020-08-07,
2020-08-08,
2020-08-09,
2020-08-10,
2020-08-11,
2020-08-12,
2020-08-13,
2020-08-14,
2020-08-15,
2020-08-16,
2020-08-17,
2020-08-18,
2020-08-19,
2020-08-20,
2020-08-21,
2020-08-22,
2020-08-23,
2020-08-24,
2020-08-25,
2020-08-26,
2020-08-27,
2020-08-28,
2020-08-29,
2020-08-30,
2020-08-31,
2020-09-01,
2020-09-02,
2020-09-03,
2020-09-04,
2020-09-05,
2020-09-06,
2020-09-07,
2020-09-08,
2020-09-09,
2020-09-10,
2020-09-11,
2020-09-12,
2020-09-13,
2020-09-14,
2020-09-15,
2020-09-16,
2020-09-17,
2020-09-18,
2020-09-19,
2020-09-20,
2020-09-21,
2020-09-22,
2020-09-23,
2020-09-24,
2020-09-25,
2020-09-26,
2020-09-27,
2020-09-28,
2020-09-29,
2020-09-30,
2020-10-01,
2020-10-02,
2020-10-03,
2020-10-04,
2020-10-05,
2020-10-06,
2020-10-07,
2020-10-08,
2020-10-09,
2020-10-10,
2020-10-11,
2020-10-12,
2020-10-13,
2020-10-14,
2020-10-15,
2020-10-16,
2020-10-17,
2020-10-18,
2020-10-19,
2020-10-20,
2020-10-21,
2020-10-22,
2020-10-23,
2020-10-24,
2020-10-25,
2020-10-26,
2020-10-27,
2020-10-28,
2020-10-29,
2020-10-30,
2020-10-31,
2020-11-01,
2020-11-02,
2020-11-03,
2020-11-04,
2020-11-05,
2020-11-06,
2020-11-07,
2020-11-08,
2020-11-09,
2020-11-10,
2020-11-11,
2020-11-12,
2020-11-13,
2020-11-14,
2020-11-15,
2020-11-16,
2020-11-17,
2020-11-18,
2020-11-19,
2020-11-20,
2020-11-21,
2020-11-22,
2020-11-23,
2020-11-24,
2020-11-25,
2020-11-26,
2020-11-27,
2020-11-28,
2020-11-29,
2020-11-30,
2020-12-01,
2020-12-02,
2020-12-03,
2020-12-04,
2020-12-05,
2020-12-06,
2020-12-07,
2020-12-08,
2020-12-09,
2020-12-10,
2020-12-11,
2020-12-12,
2020-12-13,
2020-12-14,
2020-12-15,
2020-12-16,
2020-12-17,
2020-12-18,
2020-12-19,
2020-12-20,
2020-12-21,
2020-12-22,
2020-12-23,
2020-12-24,
2020-12-25,
2020-12-26,
2020-12-27,2245499591.0
2020-12-28,2248125267.0
2020-12-29,2250751335.0
2020-12-30,2253334151.0
2020-12-31,2256095047.0
2021-01-01,2258840031.0
2021-01-02,2261751767.0
2021-01-03,2265314999.0
2021-01-04,2267716487.0
2021-01-05,2270000975.0
2021-01-06,2272264799.0
2021-01-07,2274599943.0
2021-01-08,2278414367.0
2021-01-09,2281121671.0
2021-01-10,2283536195.0
2021-01-11,2285856423.0
2021-01-12,2288893831.0
2021-01-13,2290869619.0
2021-01-14,2292834023.0
2021-01-15,2294801143.0
2021-01-16,2296937207.0
2021-01-17,2299517703.0
2021-01-18,2301930503.0
2021-01-19,2308543927.0
2021-01-20,2310883063.0
2021-01-21,2312927495.0
2021-01-22,2314964911.0
2021-01-23,2317197979.0
2021-01-24,2319827783.0
2021-01-25,2322400983.0
2021-01-26,2324532098.0
2021-01-27,2326681967.0
2021-01-28,2328816599.0
2021-01-29,2330955391.0
2021-01-30,2333298871.0
2021-01-31,2336327303.0
2021-02-01,2339080103.0
2021-02-02,2341267895.0
2021-02-03,2343586871.0
2021-02-04,2345948231.0
2021-02-05,2348229383.0
2021-02-06,2350472071.0
2021-02-07,2353157319.0
2021-02-08,2355777303.0
2021-02-09,2358026015.0
2021-02-10,2361379907.0
2021-02-11,2363605839.0
2021-02-12,2365789447.0
2021-02-13,2368167043.0
2021-02-14,2370878339.0
2021-02-15,2373482631.0
2021-02-16,2375835111.0
2021-02-17,2378055591.0
2021-02-18,2380276079.0
2021-02-19,2382525799.0
2021-02-20,2384901659.0
2021-02-21,2387626439.0
2021-02-22,2390238087.0
2021-02-23,2392430815.0
2021-02-24,2394540159.0
2021-02-25,2396568775.0
2021-02-26,2398623267.0
2021-02-27,2400854243.0
2021-02-28,2403488003.0
2021-03-01,2406027439.0
2021-03-02,2408087461.0
2021-03-03,2410123367.0
2021-03-04,2412115103.0
2021-03-05,2414159143.0
2021-03-06,2416369007.0
2021-03-07,2419097119.0
2021-03-08,2421332871.0
2021-03-09,2423747431.0
2021-03-10,2425654815.0
2021-03-11,2427567239.0
2021-03-12,2429614971.0
2021-03-13,2431796151.0
2021-03-14,2434477407.0
2021-03-15,2437080871.0
2021-03-16,2439201139.0
2021-03-17,2440207239.0
2021-03-18,2443338967.0
2021-03-19,2445558211.0
2021-03-20,2447961775.0
2021-03-21,2450823287.0
2021-03-22,2453419463.0
2021-03-23,2455563399.0
2021-03-24,2457672647.0
2021-03-25,2459795111.0
2021-03-26,2461825775.0
2021-03-27,2464069095.0
2021-03-28,2466763231.0
2021-03-29,
2021-03-30,
2021-03-31,
2021-04-01,
2021-04-02,
2021-04-03,
2021-04-04,
2021-04-05,
2021-04-06,
2021-04-07,
2021-04-08,
2021-04-09,
2021-04-10,
2021-04-11,
2021-04-12,
2021-04-13,
2021-04-14,
2021-04-15,
2021-04-16,
2021-04-17,
2021-04-18,
2021-04-19,
2021-04-20,
2021-04-21,
2021-04-22,
2021-04-23,
2021-04-24,
2021-04-25,
2021-04-26,
2021-04-27,
2021-04-28,
2021-04-29,
2021-04-30,
2021-05-01,
2021-05-02,
2021-05-03,
2021-05-04,
2021-05-05,
2021-05-06,
2021-05-07,
2021-05-08,
2021-05-09,
2021-05-10,
2021-05-11,
2021-05-12,
2021-05-13,
2021-05-14,
2021-05-15,
2021-05-16,
2021-05-17,
2021-05-18,
2021-05-19,
2021-05-20,
2021-05-21,
2021-05-22,
2021-05-23,
2021-05-24,
2021-05-25,
2021-05-26,
2021-05-27,
2021-05-28,
2021-05-29,
2021-05-30,
2021-05-31,
2021-06-01,
2021-06-02,
2021-06-03,
2021-06-04,
2021-06-05,
2021-06-06,
2021-06-07,
2021-06-08,
2021-06-09,
2021-06-10,
2021-06-11,
2021-06-12,
2021-06-13,
2021-06-14,
2021-06-15,
2021-06-16,
2021-06-17,
2021-06-18,
2021-06-19,
2021-06-20,
2021-06-21,
2021-06-22,
2021-06-23,
2021-06-24,
2021-06-25,
2021-06-26,
2021-06-27,
2021-06-28,
2021-06-29,
2021-06-30,
2021-07-01,
2021-07-02,
2021-07-03,
2021-07-04,
2021-07-05,
2021-07-06,
2021-07-07,
2021-07-08,
2021-07-09,
2021-07-10,
2021-07-11,
2021-07-12,
2021-07-13,
2021-07-14,
2021-07-15,
2021-07-16,
2021-07-17,
2021-07-18,
2021-07-19,
2021-07-20,
2021-07-21,
2021-07-22,
2021-07-23,
2021-07-24,
2021-07-25,
2021-07-26,
2021-07-27,
2021-07-28,
2021-07-29,
2021-07-30,
2021-07-31,
2021-08-01,
2021-08-02,
2021-08-03,
2021-08-04,
2021-08-05,
2021-08-06,
2021-08-07,
2021-08-08,
2021-08-09,
2021-08-10,
2021-08-11,
2021-08-12,
2021-08-13,
2021-08-14,
2021-08-15,
2021-08-16,
2021-08-17,
2021-08-18,
2021-08-19,
2021-08-20,
2021-08-21,
2021-08-22,
2021-08-23,
2021-08-24,
2021-08-25,
2021-08-26,
2021-08-27,
2021-08-28,
2021-08-29,
2021-08-30,
2021-08-31,
2021-09-01,
2021-09-02,
2021-09-03,
2021-09-04,
2021-09-05,
2021-09-06,
2021-09-07,
2021-09-08,
2021-09-09,
2021-09-10,
2021-09-11,
2021-09-12,
2021-09-13,
2021-09-14,
2021-09-15,
2021-09-16,
2021-09-17,
2021-09-18,
2021-09-19,
2021-09-20,
2021-09-21,
2021-09-22,
2021-09-23,
2021-09-24,
2021-09-25,
2021-09-26,
2021-09-27,
2021-09-28,
2021-09-29,
2021-09-30,
2021-10-01,
2021-10-02,
2021-10-03,
2021-10-04,
2021-10-05,
2021-10-06,
2021-10-07,
2021-10-08,
2021-10-09,
2021-10-10,
2021-10-11,
2021-10-12,
2021-10-13,
2021-10-14,
2021-10-15,
2021-10-16,
2021-10-17,
2021-10-18,
2021-10-19,
2021-10-20,
2021-10-21,
2021-10-22,
2021-10-23,
2021-10-24,
2021-10-25,
2021-10-26,
2021-10-27,
2021-10-28,
2021-10-29,
2021-10-30,
2021-10-31,
2021-11-01,3017585543.0
2021-11-02,3024018599.0
2021-11-03,3027762175.0
2021-11-04,3030795551.0
2021-11-05,
2021-11-06,3036577907.0
2021-11-07,3040220759.0
2021-11-08,3043978055.0
2021-11-09,3046379655.0
2021-11-10,3048381319.0
2021-11-11,3051124327.0
2021-11-12,3053644855.0
2021-11-13,3056391255.0
2021-11-14,3059653510.0
2021-11-15,3063074287.0
2021-11-16,3065642599.0
2021-11-17,3068027015.0
2021-11-18,3070372855.0
2021-11-19,3072738087.0
2021-11-20,3075422687.0
2021-11-21,3078687367.0
2021-11-22,3081809223.0
2021-11-23,3084184967.0
2021-11-24,3086566247.0
2021-11-25,3088951575.0
2021-11-26,3091452231.0
2021-11-27,3094243463.0
2021-11-28,3097555543.0
2021-11-29,3100865831.0
2021-11-30,3103114167.0
2021-12-01,3105315527.0
2021-12-02,3107617399.0
2021-12-03,3109840211.0
2021-12-04,3112236231.0
2021-12-05,3115304375.0
2021-12-06,3118201735.0
2021-12-07,3120345839.0
2021-12-08,3122460103.0
2021-12-09,3124616711.0
2021-12-10,3126847831.0
2021-12-11,3129360703.0
2021-12-12,3132435927.0
2021-12-13,3135345703.0
2021-12-14,3137715751.0
2021-12-15,3139982470.0
2021-12-16,3142330327.0
2021-12-17,3144737975.0
2021-12-18,3147386503.0
2021-12-19,3150534215.0
2021-12-20,3153544287.0
2021-12-21,3156208327.0
2021-12-22,3158848391.0
2021-12-23,3161631975.0
2021-12-24,3164605575.0
2021-12-25,3167965351.0
2021-12-26,3172735815.0
2021-12-27,3176687223.0
2021-12-28,3180664391.0
2021-12-29,3183706183.0
2021-12-30,3186594375.0
2021-12-31,3189554023.0
2022-01-01,
2022-01-02,3196177639.0
2022-01-03,3199222207.0
2022-01-04,3201964935.0
2022-01-05,3204607879.0
2022-01-06,3207160323.0
2022-01-07,3209811415.0
2022-01-08,3212565383.0
2022-01-09,3215584175.0
2022-01-10,3218497223.0
2022-01-11,3220843551.0
2022-01-12,3223149943.0
2022-01-13,3225446663.0
2022-01-14,3227782791.0
2022-01-15,3230334087.0
2022-01-16,3233392743.0
2022-01-17,3236372287.0
2022-01-18,3238855967.0
2022-01-19,3241183367.0
2022-01-20,3243604423.0
2022-01-21,3246012021.0
2022-01-22,3248841607.0
2022-01-23,3252246655.0
2022-01-24,3255407223.0
2022-01-25,3257994295.0
2022-01-26,3260495679.0
2022-01-27,3263091175.0
2022-01-28,3265731927.0
2022-01-29,3268672579.0
2022-01-30,3272066015.0
2022-01-31,3275358087.0
2022-02-01,3277953767.0
2022-02-02,3280531655.0
2022-02-03,3283047751.0
2022-02-04,3285642357.0
2022-02-05,3288493379.0
2022-02-06,3291852575.0
2022-02-07,3295104967.0
2022-02-08,3297636967.0
2022-02-09,3300107007.0
2022-02-10,3302496615.0
2022-02-11,3304857223.0
2022-02-12,3307467783.0
2022-02-13,3311438775.0
2022-02-14,3314832263.0
2022-02-15,3317166983.0
2022-02-16,3319453103.0
2022-02-17,3321748743.0
2022-02-18,
2022-02-19,
2022-02-20,3330276215.0
2022-02-21,3333541495.0
2022-02-22,3336113631.0
2022-02-23,3338528167.0
2022-02-24,
2022-02-25,
2022-02-26,
2022-02-27,
2022-02-28,3354004743.0
2022-03-01,3356459639.0
2022-03-02,3358866607.0
2022-03-03,3361124135.0
2022-03-04,
2022-03-05,3365866887.0
2022-03-06,3369115447.0
2022-03-07,3372258183.0
2022-03-08,3374644407.0
2022-03-09,3377030743.0
2022-03-10,3379323527.0
2022-03-11,3381496147.0
2022-03-12,
2022-03-13,
2022-03-14,
2022-03-15,3392717159.0
2022-03-16,3394870855.0
2022-03-17,
2022-03-18,
2022-03-19,
2022-03-20,
2022-03-21,
2022-03-22,
2022-03-23,
2022-03-24,
2022-03-25,
2022-03-26,
2022-03-27,
2022-03-28,
2022-03-29,
2022-03-30,
2022-03-31,
2022-04-01,
2022-04-02,
2022-04-03,
2022-04-04,
2022-04-05,
2022-04-06,
2022-04-07,
2022-04-08,
2022-04-09,
2022-04-10,
2022-04-11,
2022-04-12,
2022-04-13,
2022-04-14,
2022-04-15,
2022-04-16,
2022-04-17,
2022-04-18,
2022-04-19,
2022-04-20,
2022-04-21,
2022-04-22,
2022-04-23,
2022-04-24,
2022-04-25,
2022-04-26,
2022-04-27,
2022-04-28,
2022-04-29,
2022-04-30,
2022-05-01,
2022-05-02,
2022-05-03,
2022-05-04,
2022-05-05,
2022-05-06,
2022-05-07,
2022-05-08,
2022-05-09,
2022-05-10,
2022-05-11,
2022-05-12,
2022-05-13,
2022-05-14,
2022-05-15,
2022-05-16,
2022-05-17,
2022-05-18,
2022-05-19,
2022-05-20,
2022-05-21,
2022-05-22,
2022-05-23,
2022-05-24,
2022-05-25,
2022-05-26,
2022-05-27,
2022-05-28,
2022-05-29,
2022-05-30,
2022-05-31,
2022-06-01,
2022-06-02,
2022-06-03,
2022-06-04,
2022-06-05,
2022-06-06,
2022-06-07,
2022-06-08,
2022-06-09,
2022-06-10,
2022-06-11,
2022-06-12,
2022-06-13,
2022-06-14,
2022-06-15,
2022-06-16,
2022-06-17,
2022-06-18,
2022-06-19,
2022-06-20,
2022-06-21,
2022-06-22,
2022-06-23,
2022-06-24,
2022-06-25,
2022-06-26,
2022-06-27,
2022-06-28,
2022-06-29,
2022-06-30,
2022-07-01,
2022-07-02,
2022-07-03,
2022-07-04,
2022-07-05,
2022-07-06,
2022-07-07,
2022-07-08,
2022-07-09,
2022-07-10,
2022-07-11,
2022-07-12,
2022-07-13,
2022-07-14,
2022-07-15,
2022-07-16,
2022-07-17,
2022-07-18,
2022-07-19,
2022-07-20,
2022-07-21,
2022-07-22,
2022-07-23,
2022-07-24,
2022-07-25,
2022-07-26,
2022-07-27,
2022-07-28,
2022-07-29,
2022-07-30,
2022-07-31,
2022-08-01,
2022-08-02,
2022-08-03,
2022-08-04,
2022-08-05,
2022-08-06,
2022-08-07,
2022-08-08,
2022-08-09,
2022-08-10,
2022-08-11,
2022-08-12,
2022-08-13,
2022-08-14,
2022-08-15,
2022-08-16,
2022-08-17,
2022-08-18,
2022-08-19,
2022-08-20,
2022-08-21,
2022-08-22,
2022-08-23,
2022-08-24,
2022-08-25,
2022-08-26,
2022-08-27,
2022-08-28,
2022-08-29,
2022-08-30,
2022-08-31,
2022-09-01,
2022-09-02,
2022-09-03,
2022-09-04,
2022-09-05,
2022-09-06,
2022-09-07,
2022-09-08,
2022-09-09,
2022-09-10,
2022-09-11,
2022-09-12,
2022-09-13,
2022-09-14,
2022-09-15,
2022-09-16,
2022-09-17,
2022-09-18,
2022-09-19,
2022-09-20,
2022-09-21,
2022-09-22,
2022-09-23,
2022-09-24,
2022-09-25,
2022-09-26,
2022-09-27,
2022-09-28,
2022-09-29,
2022-09-30,
2022-10-01,
2022-10-02,
2022-10-03,
2022-10-04,
2022-10-05,
2022-10-06,
2022-10-07,
2022-10-08,
2022-10-09,
2022-10-10,
2022-10-11,
2022-10-12,
2022-10-13,
2022-10-14,
2022-10-15,
2022-10-16,
2022-10-17,
2022-10-18,
2022-10-19,
2022-10-20,
2022-10-21,
2022-10-22,
2022-10-23,
2022-10-24,
2022-10-25,
2022-10-26,
2022-10-27,
2022-10-28,
2022-10-29,
2022-10-30,
2022-10-31,4016632967.0
2022-11-01,4019062823.0
2022-11-02,4021536391.0
2022-11-03,4024190663.0
2022-11-04,4026487303.0
2022-11-05,4029178335.0
2022-11-06,4033207143.0
2022-11-07,4036732871.0
2022-11-08,4038673868.0
2022-11-09,4041437932.0
2022-11-10,
2022-11-11,4045981479.0
2022-11-12,4048603367.0
2022-11-13,4052189511.0
2022-11-14,4055693343.0
2022-11-15,4058312375.0
2022-11-16,4060807843.0
2022-11-17,4063105927.0
2022-11-18,4065225927.0
2022-11-19,4067779079.0
2022-11-20,4071277575.0
2022-11-21,4074651015.0
2022-11-22,4076887615.0
2022-11-23,4079021119.0
2022-11-24,4081236871.0
2022-11-25,4083537287.0
2022-11-26,4086235655.0
2022-11-27,4089671751.0
2022-11-28,4092982143.0
2022-11-29,4095168347.0
2022-11-30,4097841827.0
2022-12-01,4100111370.0
2022-12-02,4102714185.0
2022-12-03,4105197720.0
2022-12-04,4108677271.0
2022-12-05,4111921878.0
2022-12-06,4113877718.0
2022-12-07,4116902773.0
2022-12-08,4118473859.0
2022-12-09,4121668738.0
2022-12-10,4124226737.0
2022-12-11,4127716064.0
2022-12-12,4130921183.0
2022-12-13,4133631774.0
2022-12-14,4135849165.0
2022-12-15,4138035468.0
2022-12-16,4140314947.0
2022-12-17,4142981057.0
2022-12-18,4146388928.0
2022-12-19,4149898687.0
2022-12-20,4152611230.0
2022-12-21,4155318397.0
2022-12-22,4158061276.0
2022-12-23,4160995675.0
2022-12-24,4164246554.0
2022-12-25,4167998777.0
2022-12-26,4173382840.0
2022-12-27,4177503223.0
2022-12-28,4180992886.0
2022-12-29,4184306997.0
2022-12-30,4187642916.0
2022-12-31,4191124195.0
2023-01-01,4194967522.0
2023-01-02,4199105601.0
2023-01-03,4202538048.0
2023-01-04,4205914140.0
2023-01-05,4209371067.0
2023-01-06,4212469946.0
2023-01-07,4215657401.0
2023-01-08,4219403032.0
2023-01-09,4222902231.0
2023-01-10,4225534846.0
2023-01-11,4228396237.0
2023-01-12,4231285671.0
2023-01-13,4233919652.0
2023-01-14,4236778275.0
2023-01-15,4240549122.0
2023-01-16,4244175361.0
2023-01-17,4246966752.0
2023-01-18,4249733532.0
2023-01-19,4252884379.0
2023-01-20,4255838938.0
2023-01-21,4258930841.0
2023-01-22,4263078840.0
2023-01-23,4267164759.0
2023-01-24,4270170454.0
2023-01-25,4273260757.0
2023-01-26,4276230996.0
2023-01-27,4279115507.0
2023-01-28,4282335474.0
2023-01-29,4286757025.0
2023-01-30,4290691232.0
2023-01-31,4293458047.0
2023-02-01,4296197438.0
2023-02-02,4298906301.0
2023-02-03,4301556924.0
2023-02-04,4304604027.0
2023-02-05,4308882906.0
2023-02-06,4312753433.0
2023-02-07,4315437016.0
2023-02-08,4318044871.0
2023-02-09,4320964102.0
2023-02-10,4323592389.0
2023-02-11,4326612068.0
2023-02-12,4330947843.0
2023-02-13,4334921690.0
2023-02-14,4337578201.0
2023-02-15,4340099256.0
2023-02-16,4342656423.0
2023-02-17,4345287926.0
2023-02-18,4348452885.0
2023-02-19,4352685252.0
2023-02-20,4356599971.0
2023-02-21,4359614834.0
2023-02-22,4362444561.0
2023-02-23,4365257392.0
2023-02-24,4368060815.0
2023-02-25,4371254286.0
2023-02-26,4375462413.0
2023-02-27,4379275500.0
2023-02-28,4381801163.0
2023-03-01,4384234138.0
2023-03-02,4386594969.0
2023-03-03,4389023288.0
2023-03-04,4392008807.0
2023-03-05,4396145494.0
2023-03-06,4400026837.0
2023-03-07,4402528772.0
2023-03-08,4404998419.0
2023-03-09,4407615554.0
2023-03-10,4410010569.0
2023-03-11,4412825736.0
2023-03-12,4416851143.0
2023-03-13,4420665718.0
2023-03-14,4423161141.0
2023-03-15,4425783732.0
2023-03-16,4428344931.0
2023-03-17,4430933458.0
2023-03-18,4434018257.0
2023-03-19,4438237520.0
2023-03-20,4442278799.0
2023-03-21,4445070670.0
2023-03-22,4447642957.0
2023-03-23,4450343532.0
2023-03-24,4453121579.0
2023-03-25,4456215194.0
2023-03-26,4460487273.0
2023-03-27,4464315688.0
2023-03-28,4464315688.0
2023-03-29,4469360483.0
2023-03-30,4471826530.0
2023-03-31,4474320609.0
2023-04-01,
2023-04-02,4481330431.0
2023-04-03,4485089694.0
2023-04-04,4487851197.0
2023-04-05,4490667836.0
2023-04-06,4493496051.0
2023-04-07,4493496051.0
2023-04-08,4493496051.0
2023-04-09,4493496051.0
2023-04-10,4493496051.0
2023-04-11,4493496051.0
2023-04-12,4516686898.0
2023-04-13,4520087985.0
2023-04-14,4523627216.0
2023-04-15,4527581183.0
2023-04-16,4532291582.0
2023-04-17,4536358549.0
2023-04-18,4539373204.0
2023-04-19,4541970675.0
2023-04-20,4544563442.0
2023-04-21,4547221041.0
2023-04-22,4550879696.0
2023-04-23,4554619855.0
2023-04-24,4558392638.0
2023-04-25,4560915325.0
2023-04-26,4563516652.0
2023-04-27,4565952971.0
2023-04-28,4568486682.0
2023-04-29,4571468889.0
2023-04-30,4575387000.0
2023-05-01,
2023-05-02,4582922550.0
2023-05-03,4585526453.0
2023-05-04,4588144500.0
2023-05-05,4590659635.0
2023-05-06,4593467250.0
2023-05-07,4597574225.0
2023-05-08,4601486728.0
2023-05-09,4604081079.0
2023-05-10,4606502350.0
2023-05-11,4608877885.0
2023-05-12,4611226652.0
2023-05-13,4613986763.0
2023-05-14,4617669482.0
2023-05-15,4621279529.0
2023-05-16,4623775208.0
2023-05-17,4626122119.0
2023-05-18,4628519462.0
2023-05-19,4631228229.0
2023-05-20,4634038084.0
2023-05-21,4637631395.0
2023-05-22,4641094242.0
2023-05-23,4643469764.0
2023-05-24,4645852979.0
2023-05-25,4648292778.0
2023-05-26,4650699993.0
2023-05-27,4653446776.0
2023-05-28,4656972327.0
2023-05-29,4660487814.0
2023-05-30,4663212637.0
2023-05-31,4665670236.0
2023-06-01,
2023-06-02,4671456850.0
2023-06-03,4674692625.0
2023-06-04,4678547952.0
2023-06-05,4682328815.0
2023-06-06,4685135262.0
2023-06-07,4687752157.0
2023-06-08,4690408476.0
2023-06-09,4693329867.0
2023-06-10,4696454954.0
2023-06-11,4700184073.0
2023-06-12,4703841352.0
2023-06-13,4706710727.0
2023-06-14,4709531654.0
2023-06-15,4712287669.0
2023-06-16,4715020020.0
2023-06-17,4717980083.0
2023-06-18,4721600842.0
2023-06-19,4725333833.0
2023-06-20,4728258680.0
2023-06-21,4731083023.0
2023-06-22,4733894606.0
2023-06-23,4736751173.0
2023-06-24,4739802132.0
2023-06-25,4744040981.0
2023-06-26,4748493460.0
2023-06-27,4751437427.0
2023-06-28,4754377778.0
2023-06-29,4757682269.0
2023-06-30,4760867724.0
2023-07-01,
2023-07-02,4767676026.0
2023-07-03,4771278629.0
2023-07-04,4774377700.0
2023-07-05,4777402539.0
2023-07-06,4780469854.0
2023-07-07,4783628573.0
2023-07-08,4786939580.0
2023-07-09,4790736443.0
2023-07-10,4794519130.0
2023-07-11,4797774265.0
2023-07-12,4800952552.0
2023-07-13,4804148919.0
2023-07-14,4807766274.0
2023-07-15,4812017869.0
2023-07-16,4816313932.0
2023-07-17,4820589977.0
2023-07-18,4824390992.0
2023-07-19,4828035319.0
2023-07-20,4831577314.0
2023-07-21,4835507169.0
2023-07-22,4840604656.0
2023-07-23,4844681711.0
2023-07-24,4848552926.0
2023-07-25,4851940253.0
2023-07-26,4855215372.0
2023-07-27,4858508747.0
2023-07-28,4861907018.0
2023-07-29,4865562361.0
2023-07-30,4869560440.0
2023-07-31,4873660663.0
2023-08-01,4877366198.0
2023-08-02,4881178773.0
2023-08-03,4884921012.0
2023-08-04,4888484907.0
2023-08-05,4892482602.0
2023-08-06,4896569641.0
2023-08-07,4900735944.0
2023-08-08,4904382623.0
2023-08-09,4907743638.0
2023-08-10,4911075349.0
2023-08-11,4914411284.0
2023-08-12,4917557011.0
2023-08-13,4921903218.0
2023-08-14,4926001265.0
2023-08-15,4929466720.0
2023-08-16,4932845823.0
2023-08-17,4936194430.0
2023-08-18,4939717885.0
2023-08-19,4943216828.0
2023-08-20,4947332635.0
2023-08-21,4951432602.0
2023-08-22,4954785673.0
2023-08-23,4958024840.0
2023-08-24,4961181927.0
2023-08-25,4964370918.0
2023-08-26,4967851045.0
2023-08-27,4972050212.0
2023-08-28,4976276419.0
2023-08-29,4979488178.0
2023-08-30,4982609297.0
2023-08-31,4985729200.0
2023-09-01,4988776095.0
2023-09-02,4992098206.0
2023-09-03,4996189845.0
2023-09-04,5000156372.0
2023-09-05,5003137331.0
2023-09-06,5005729690.0
2023-09-07,5008256409.0
2023-09-08,5010989464.0
2023-09-09,5014012311.0
2023-09-10,5017983094.0
2023-09-11,5021851413.0
2023-09-12,5024269236.0
2023-09-13,5026560879.0
2023-09-14,5028945118.0
2023-09-15,5031332757.0
2023-09-16,5034220676.0
2023-09-17,5038316419.0
2023-09-18,5042299682.0
2023-09-19,5044786977.0
2023-09-20,5047212480.0
2023-09-21,5049636023.0
2023-09-22,5052072150.0
2023-09-23,5055033557.0
2023-09-24,5059202900.0
2023-09-25,5063343507.0
2023-09-26,5066017922.0
2023-09-27,5068513281.0
2023-09-28,5071080704.0
2023-09-29,5073760383.0
2023-09-30,5077025742.0
2023-10-01,5081353037.0
2023-10-02,5085452588.0
2023-10-03,5088017707.0
2023-10-04,5090446410.0
2023-10-05,5092854601.0
2023-10-06,5095413032.0
2023-10-07,5098393511.0
2023-10-08,5102411668.0
2023-10-09,5106310723.0
2023-10-10,5108960834.0
2023-10-11,5111934273.0
2023-10-12,5115794368.0
2023-10-13,5119383775.0
2023-10-14,5123351934.0
2023-10-15,5128283773.0
2023-10-16,5132853484.0
2023-10-17,5135824043.0
2023-10-18,5138429962.0
2023-10-19,5141016809.0
2023-10-20,5143700232.0
2023-10-21,5146996743.0
2023-10-22,5151649478.0
2023-10-23,5156237397.0
2023-10-24,5159134836.0
2023-10-25,5161949875.0
2023-10-26,5164632882.0
2023-10-27,5167367857.0
2023-10-28,5170689168.0
2023-10-29,5174951055.0
2023-10-30,5179341518.0
2023-10-31,5182448589.0
2023-11-01,5185387164.0
2023-11-02,5188598235.0
2023-11-03,5191949658.0
2023-11-04,5195418201.0
2023-11-05,5199782424.0
2023-11-06,5203902983.0
2023-11-07,5206441990.0
2023-11-08,5208899157.0
2023-11-09,5211330004.0
2023-11-10,5213806507.0
2023-11-11,5216857258.0
2023-11-12,5221081705.0
2023-11-13,5225110176.0
2023-11-14,5227744503.0
2023-11-15,5230425334.0
2023-11-16,5233197797.0
2023-11-17,5235923732.0
2023-11-18,5239125331.0
2023-11-19,5243981650.0
2023-11-20,5248345841.0
2023-11-21,5251377120.0
2023-11-22,5254104031.0
2023-11-23,5256944078.0
2023-11-24,5259897165.0
2023-11-25,5263364076.0
2023-11-26,5267795867.0
2023-11-27,5272138586.0
2023-11-28,5274957017.0
2023-11-29,5277605144.0
2023-11-30,5280273687.0
2023-12-01,5282994454.0
2023-12-02,5286201301.0
2023-12-03,5290662836.0
2023-12-04,5294961011.0
2023-12-05,5297708530.0
2023-12-06,5300384177.0
2023-12-07,5303135600.0
2023-12-08,5305917743.0
2023-12-09,5309566154.0
2023-12-10,5313979081.0
2023-12-11,5318141928.0
2023-12-12,5321047367.0
2023-12-13,5323994102.0
2023-12-14,5326937957.0
2023-12-15,5330032068.0
2023-12-16,5333532227.0
2023-12-17,5337927618.0
2023-12-18,5342127969.0
2023-12-19,5345476768.0
2023-12-20,5348824607.0
2023-12-21,5352232062.0
2023-12-22,5355846733.0
2023-12-23,5359733772.0
2023-12-24,5364167115.0
2023-12-25,5368720746.0
2023-12-26,5374397481.0
2023-12-27,5379039112.0
2023-12-28,5383271431.0
2023-12-29,5387457734.0
2023-12-30,5391708605.0
2023-12-31,5396232892.0
2024-01-01,5401004699.0
2024-01-02,5405846170.0
2024-01-03,5409859865.0
2024-01-04,5413668056.0
2024-01-05,5417385303.0
2024-01-06,5421286998.0
2024-01-07,5425850565.0
2024-01-08,5430330884.0
2024-01-09,5433582851.0
2024-01-10,5436689506.0
2024-01-11,5439711105.0
2024-01-12,5442778464.0
2024-01-13,5446208527.0
2024-01-14,5450751182.0
2024-01-15,5455164829.0
2024-01-16,5458310556.0
2024-01-17,5461769243.0
2024-01-18,5465015322.0
2024-01-19,5468268977.0
2024-01-20,5471991184.0
2024-01-21,5476807823.0
2024-01-22,5481446542.0
2024-01-23,5484726845.0
2024-01-24,5488040828.0
2024-01-25,5491459611.0
2024-01-26,5494884730.0
2024-01-27,5498719513.0
2024-01-28,5503369976.0
2024-01-29,5507928647.0
2024-01-30,5511174470.0
2024-01-31,5514291317.0
2024-02-01,5517431924.0
2024-02-02,5520563091.0
2024-02-03,5524109714.0
2024-02-04,5528666705.0
2024-02-05,5533065760.0
2024-02-06,5536250527.0
2024-02-07,5539477846.0
2024-02-08,5542672657.0
2024-02-09,5546028776.0
2024-02-10,5549846727.0
2024-02-11,5554509046.0
2024-02-12,5559009525.0
2024-02-13,5562397108.0
2024-02-14,5565703987.0
2024-02-15,5568977186.0
2024-02-16,5572125089.0
2024-02-17,5575769200.0
2024-02-18,5580370415.0
2024-02-19,5584800462.0
2024-02-20,5587985805.0
2024-02-21,5590890796.0
2024-02-22,5593823099.0
2024-02-23,5596878714.0
2024-02-24,5600510329.0
2024-02-25,5605674360.0
2024-02-26,5610051079.0
2024-02-27,5612908774.0
2024-02-28,5615662309.0
2024-02-29,5618481540.0
2024-03-01,5621327923.0
2024-03-02,5624684338.0
2024-03-03,5629289329.0
2024-03-04,5633670624.0
2024-03-05,5636445487.0
2024-03-06,
2024-03-07,5641867534.0
2024-03-08,5644708461.0
2024-03-09,5648411596.0
2024-03-10,5653061755.0
2024-03-11,5657352762.0
2024-03-12,5660290057.0
2024-03-13,5663179144.0
2024-03-14,5666001471.0
2024-03-15,5668951198.0
2024-03-16,5672442525.0
2024-03-17,5677131420.0
2024-03-18,5681549211.0
2024-03-19,5684525770.0
2024-03-20,5687475273.0
2024-03-21,5690433928.0
2024-03-22,5693424095.0
2024-03-23,5696975710.0
2024-03-24,5701658013.0
2024-03-25,5706258292.0
2024-03-26,5709685331.0
2024-03-27,5713046674.0
2024-03-28,5716567697.0
2024-03-29,5720458448.0
2024-03-30,5724941711.0
2024-03-31,5729459182.0
2024-04-01,5733851789.0
2024-04-02,5737407596.0
2024-04-03,5740614635.0
2024-04-04,5743757802.0
2024-04-05,5746952041.0
2024-04-06,5750442152.0
2024-04-07,5754855719.0
2024-04-08,5759296294.0
2024-04-09,5762735717.0
2024-04-10,5766014564.0
2024-04-11,5769429315.0
2024-04-12,5772734906.0
2024-04-13,5776233257.0
2024-04-14,5780636648.0
2024-04-15,5784963639.0
2024-04-16,5787974358.0
2024-04-17,5791017301.0
2024-04-18,5794068052.0
2024-04-19,5797296195.0
2024-04-20,5800959450.0
2024-04-21,5805854745.0
2024-04-22,5810586392.0
2024-04-23,5813728887.0
2024-04-24,5816884134.0
2024-04-25,5819912773.0
2024-04-26,5823032260.0
2024-04-27,5826656899.0
2024-04-28,5831381618.0
2024-04-29,5836098097.0
2024-04-30,5839473936.0
2024-05-01,5843064687.0
2024-05-02,5847278046.0
2024-05-03,5850523101.0
2024-05-04,5854108284.0
2024-05-05,5858699611.0
2024-05-06,5863333546.0
2024-05-07,5866485417.0
2024-05-08,5869265458.0
2024-05-09,5869265458.0
2024-05-10,6006699121.0
2024-05-11,6010483056.0
2024-05-12,6015196111.0
2024-05-13,6019904462.0
2024-05-14,6023151949.0
2024-05-15,6026390220.0
2024-05-16,6029588235.0
2024-05-17,6032471818.0
2024-05-18,6036379401.0
2024-05-19,6041301192.0
2024-05-20,6046071111.0
2024-05-21,6049465622.0
2024-05-22,6052760389.0
2024-05-23,6056206692.0
2024-05-24,6059861731.0
2024-05-25,6064014042.0
2024-05-26,6069090601.0
2024-05-27,6074103928.0
2024-05-28,6078047047.0
2024-05-29,6081812246.0
2024-05-30,6085619797.0
2024-05-31,6089477268.0
2024-06-01,6093809299.0
2024-06-02,6098764618.0
2024-06-03,6103620233.0
2024-06-04,6107420360.0
2024-06-05,6111143479.0
2024-06-06,6114922326.0
2024-06-07,6118785429.0
2024-06-08,6123255408.0
2024-06-09,6128367215.0
2024-06-10,6133536942.0
2024-06-11,6137752173.0
2024-06-12,6141897572.0
2024-06-13,6146004163.0
2024-06-14,6150087714.0
2024-06-15,6154362689.0
2024-06-16,6159542560.0
2024-06-17,6164954079.0
2024-06-18,6169652110.0
2024-06-19,6174172301.0
2024-06-20,6178444428.0
2024-06-21,6182730379.0
2024-06-22,6187432762.0
2024-06-23,6192553321.0
2024-06-24,6197663336.0
2024-06-25,6202046055.0
2024-06-26,6206315526.0
2024-06-27,6210585701.0
2024-06-28,6214748260.0
2024-06-29,6219162723.0
2024-06-30,6224143826.0
2024-07-01,6229180625.0
2024-07-02,7001479554.0
2024-07-03,7006229865.0
2024-07-04,7010920263.0
2024-07-05,7015351203.0
2024-07-06,7019941258.0
2024-07-07,7025079176.0
2024-07-08,7030306095.0
2024-07-09,7034961177.0
2024-07-10,7039617127.0
2024-07-11,7044158726.0
2024-07-12,7048740051.0
2024-07-13,7053520052.0
2024-07-14,7058640049.0
2024-07-15,7063765013.0
2024-07-16,7068440049.0
2024-07-17,7073000374.0
2024-07-18,7077650036.0
2024-07-19,7082367026.0
2024-07-20,7087032363.0
2024-07-21,7092109349.0
2024-07-22,7097382922.0
2024-07-23,7102004239.0
2024-07-24,7106738209.0
2024-07-25,7111343160.0
2024-07-26,7116065314.0
2024-07-27,7120988721.0
2024-07-28,7126285350.0
2024-07-29,7131655749.0
2024-07-30,7136196731.0
2024-07-31,7140618334.0
2024-08-01,7145055293.0
2024-08-02,7149577265.0
2024-08-03,7154514428.0
2024-08-04,7159997950.0
2024-08-05,7165541391.0
2024-08-06,7170152582.0
2024-08-07,7174740041.0
2024-08-08,7179155034.0
2024-08-09,7183486557.0
2024-08-10,7188124727.0
2024-08-11,7193400287.0
2024-08-12,7198791138.0
2024-08-13,7203062718.0
2024-08-14,7207299933.0
2024-08-15,7211480900.0
2024-08-16,7215779822.0
2024-08-17,7220143121.0
2024-08-18,7225301521.0
2024-08-19,7230472124.0
2024-08-20,7234695713.0
2024-08-21,7238490372.0
2024-08-22,7242875139.0
2024-08-23,7247084287.0
2024-08-24,7251592509.0
2024-08-25,7256888073.0
2024-08-26,7262267140.0
2024-08-27,7266458871.0
2024-08-28,7270386404.0
2024-08-29,7274220422.0
2024-08-30,7278040998.0
2024-08-31,7282205116.0
2024-09-01,7286048359.0
2024-09-02,7292966342.0
2024-09-03,7297030229.0
2024-09-04,7300611244.0
2024-09-05,7304157371.0
2024-09-06,7307676442.0
2024-09-07,7311669033.0
2024-09-08,7316868328.0
2024-09-09,7321984317.0
2024-09-10,7325830540.0
2024-09-11,7329259635.0
2024-09-12,7332686809.0
2024-09-13,7336080368.0
2024-09-14,7339983839.0
2024-09-15,7345348326.0
2024-09-16,7350688897.0
2024-09-17,7354558644.0
2024-09-18,7358002345.0
2024-09-19,7361318024.0
2024-09-20,7364712639.0
2024-09-21,7368543786.0
2024-09-22,7373767525.0
2024-09-23,7378777974.0
2024-09-24,7381945717.0
2024-09-25,7385048990.0
2024-09-26,7388105065.0
2024-09-27,7391355316.0
2024-09-28,7395366719.0
2024-09-29,7400611670.0
2024-09-30,7405688051.0
2024-10-01,7408939834.0
2024-10-02,7412146385.0
2024-10-03,7415345872.0
2024-10-04,7418659003.0
2024-10-05,7422559770.0
2024-10-06,7427583909.0
2024-10-07,7432490268.0
2024-10-08,7435649271.0
2024-10-09,
2024-10-10,7443726564.0
2024-10-11,7447110407.0
2024-10-12,7451047086.0
2024-10-13,7456033449.0
2024-10-14,7460835144.0
2024-10-15,7464055506.0
2024-10-16,7467129276.0
2024-10-17,7470252347.0
2024-10-18,7473419090.0
2024-10-19,7477149881.0
2024-10-20,7482141142.0
2024-10-21,7486963029.0
2024-10-22,7490057539.0
2024-10-23,7493099218.0
2024-10-24,7496233213.0
2024-10-25,7499623960.0
2024-10-26,7503746167.0
2024-10-27,7508863454.0
2024-10-28,7513938845.0
2024-10-29,7517453724.0
2024-10-30,7521064391.0
2024-10-31,7524435478.0
2024-11-01,7528078213.0
2024-11-02,7532274776.0
2024-11-03,7537219671.0
2024-11-04,7541956206.0
2024-11-05,7545158808.0
2024-11-06,7548291756.0
2024-11-07,7551272122.0
2024-11-08,7554350261.0
2024-11-09,7557971153.0
2024-11-10,7562987231.0
2024-11-11,7567952104.0
2024-11-12,7571396289.0
2024-11-13,7574308124.0
2024-11-14,7577222502.0
2024-11-15,7580286328.0
2024-11-16,7584002485.0
2024-11-17,7588839948.0
2024-11-18,7593546273.0
2024-11-19,7596907032.0
2024-11-20,7600344114.0
2024-11-21,7603839012.0
2024-11-22,7607148619.0
2024-11-23,7610963528.0
2024-11-24,7616058995.0
2024-11-25,7620992711.0
2024-11-26,7624443534.0
2024-11-27,7627899520.0
2024-11-28,7631507597.0
2024-11-29,7635193426.0
2024-11-30,7639437969.0
2024-12-01,7644563044.0
2024-12-02,7649622075.0
2024-12-03,7653034007.0
2024-12-04,7656414714.0
2024-12-05,7659859973.0
2024-12-06,7663456102.0
2024-12-07,7667696067.0
2024-12-08,7673117661.0
2024-12-09,7678119397.0
2024-12-10,7681654243.0
2024-12-11,7685230082.0
2024-12-12,7688838648.0
2024-12-13,7692483597.0
2024-12-14,7696688522.0
2024-12-15,7702132132.0
2024-12-16,7707694488.0
2024-12-17,7711680450.0
2024-12-18,7715729369.0
2024-12-19,7719861224.0
2024-12-20,7724039680.0
2024-12-21,7728756254.0
2024-12-22,7734362147.0
2024-12-23,7740049926.0
2024-12-24,7745059879.0
2024-12-25,7750152716.0
2024-12-26,7757720057.0
2024-12-27,7764402728.0
2024-12-28,7770104895.0
2024-12-29,7775921247.0
2024-12-30,7781683765.0
2024-12-31,7787169787.0
2025-01-01,7792825840.0
2025-01-02,7799131613.0
2025-01-03,7804673042.0
2025-01-04,7810292219.0
2025-01-05,7816260550.0
2025-01-06,7822190522.0
2025-01-07,7827330057.0
2025-01-08,7832306614.0
2025-01-09,7837090194.0
2025-01-10,7841630116.0
2025-01-11,7846528950.0
2025-01-12,7852438943.0
2025-01-13,7858190294.0
2025-01-14,7862417394.0
2025-01-15,7866626033.0
2025-01-16,7870775253.0
2025-01-17,7875280884.0
2025-01-18,
2025-01-19,7886324753.0
2025-01-20,7892355076.0
2025-01-21,7896995355.0
2025-01-22,7901385204.0
2025-01-23,7905928130.0
2025-01-24,7911525331.0
2025-01-25,7916868577.0
2025-01-26,7923135470.0
2025-01-27,7929227811.0
2025-01-28,7933942326.0
2025-01-29,7938646234.0
2025-01-30,7943347916.0
2025-01-31,7947758314.0
2025-02-01,7952771781.0
2025-02-02,7958760620.0
2025-02-03,7964743875.0
2025-02-04,7969154253.0
2025-02-05,7973361342.0
2025-02-06,7977374348.0
2025-02-07,7981620410.0
2025-02-08,7986285817.0
2025-02-09,7992381714.0
2025-02-10,7998341453.0
2025-02-11,8002666726.0
2025-02-12,8006828797.0
2025-02-13,8010858718.0
2025-02-14,8014836426.0
2025-02-15,8019393295.0
2025-02-16,8025274618.0
2025-02-17,8030960392.0
2025-02-18,8035119839.0
2025-02-19,8039019235.0
2025-02-20,8043034362.0
2025-02-21,8047099166.0
2025-02-22,8051752736.0
2025-02-23,8057716511.0
2025-02-24,8062959205.0
2025-02-25,8067314764.0
2025-02-26,8070945900.0
2025-02-27,8074745954.0
2025-02-28,8078826602.0
2025-03-01,8083439713.0
2025-03-02,8089404534.0
2025-03-03,8095324264.0
2025-03-04,8099794524.0
2025-03-05,8104315493.0
2025-03-06,8108571225.0
2025-03-07,8112682046.0
2025-03-08,8117319267.0
2025-03-09,8123653166.0
2025-03-10,8129551405.0
2025-03-11,8133424661.0
2025-03-12,8137627151.0
2025-03-13,8141759998.0
2025-03-14,8146091037.0
2025-03-15,8151288873.0
2025-03-16,8157895728.0
2025-03-17,8164207705.0
2025-03-18,8168473180.0
2025-03-19,8172536938.0
2025-03-20,8176693347.0
2025-03-21,8180892784.0
2025-03-22,8185806968.0
2025-03-23,8192504486.0
2025-03-24,8199189156.0
2025-03-25,8204196427.0
2025-03-26,8208766048.0
2025-03-27,8213163564.0
2025-03-28,8217672727.0
2025-03-29,8222671402.0
2025-03-30,8228980783.0
2025-03-31,8235314189.0
2025-04-01,8240126988.0
2025-04-02,8245026830.0
2025-04-03,8249681910.0
2025-04-04,8254384117.0
2025-04-05,8259311561.0
2025-04-06,8265518005.0
2025-04-07,8271807937.0
2025-04-08,8276479312.0
2025-04-09,8280622390.0
2025-04-10,8284909346.0
2025-04-11,8288972535.0
2025-04-12,8294247144.0
2025-04-13,8300435123.0
2025-04-14,8306618590.0
2025-04-15,8311168214.0
2025-04-16,8315943583.0
2025-04-17,8320883178.0
2025-04-18,8325928636.0
2025-04-19,8332315822.0
2025-04-20,8338654343.0
2025-04-21,8344920768.0
2025-04-22,8349770192.0
2025-04-23,8354578138.0
2025-04-24,8358706790.0
2025-04-25,8363228760.0
2025-04-26,8368023639.0
2025-04-27,8374007910.0
2025-04-28,8379742836.0
2025-04-29,8383844532.0
2025-04-30,8387907638.0
2025-05-01,8392369233.0
2025-05-02,8397956685.0
2025-05-03,8403297876.0
2025-05-04,8409064903.0
2025-05-05,8415708150.0
2025-05-06,8420166662.0
2025-05-07,8424387041.0
2025-05-08,8428810741.0
2025-05-09,8433297901.0
2025-05-10,8438246402.0
2025-05-11,8448228385.0
2025-05-12,8456552496.0
2025-05-13,8461927985.0
2025-05-14,8466789922.0
2025-05-15,8471508200.0
2025-05-16,8476554437.0
2025-05-17,8482203291.0
2025-05-18,8489175654.0
2025-05-19,8496236582.0
2025-05-20,8501539269.0
2025-05-21,8506765219.0
2025-05-22,8512616486.0
2025-05-23,8518262829.0
2025-05-24,8525116473.0
2025-05-25,8533342272.0
2025-05-26,8541042762.0
2025-05-27,8547188855.0
2025-05-28,8553152632.0
2025-05-29,8559371866.0
2025-05-30,8566035959.0
2025-05-31,8573466124.0
2025-06-01,8581455859.0
2025-06-02,8589094400.0
2025-06-03,8595465733.0
2025-06-04,8601719839.0
2025-06-05,8608168404.0
2025-06-06,8614853051.0
2025-06-07,8622268346.0
2025-06-08,8630516184.0
2025-06-09,8638688183.0
2025-06-10,8645749151.0
2025-06-11,8652432825.0
2025-06-12,8659145614.0
2025-06-13,8665837085.0
2025-06-14,8673112076.0
2025-06-15,8681285609.0
2025-06-16,8689450484.0
2025-06-17,8696373316.0
2025-06-18,8703512455.0
2025-06-19,8710512534.0
2025-06-20,8717526964.0
2025-06-21,8725136835.0
2025-06-22,8733720590.0
2025-06-23,8742155788.0
2025-06-24,8749596207.0
2025-06-25,8756782614.0
2025-06-26,8763532662.0
2025-06-27,8771412981.0
2025-06-28,8779716076.0
2025-06-29,8788349928.0
2025-06-30,8797235733.0
2025-07-01,8804838350.0
2025-07-02,8812567441.0
2025-07-03,8820222369.0
2025-07-04,8827852672.0
2025-07-05,8836388171.0
2025-07-06,8845714282.0
2025-07-07,8855187346.0
2025-07-08,8863487862.0
2025-07-09,8871814075.0
2025-07-10,8879931885.0
2025-07-11,8888106432.0
2025-07-12,8896714252.0
2025-07-13,8906018281.0
2025-07-14,8915435354.0
2025-07-15,8923455267.0
2025-07-16,8930794624.0
2025-07-17,8939614296.0
